Sin,Cos,Orbit class,Satellite catalog number (NORAD),International designator (COSPAR),Launch date,Distance (km)
118142.76470591156,-23722.95,Geostationary Transfer Orbit,22049,1992-044A,1992-07-23,120501
46382.98426085533,-58187.32,Geostationary Transfer Orbit,25867,1999-040B,1999-07-22,74412
37198.5702416881,-58276.85,Geostationary Transfer Orbit,26464,2000-045B,2000-08-08,69137
37113.021654557786,-58142.83,Geostationary Transfer Orbit,26463,2000-045A,2000-08-08,68978
36095.183677025394,-55737.14,Geostationary Transfer Orbit,26411,2000-041B,2000-07-15,66404
35944.61494805521,-55504.64,Geostationary Transfer Orbit,26410,2000-041A,2000-07-15,66127
35888.41540139734,-48771.79,Geostationary Transfer Orbit,25989,1999-066A,1999-12-10,60553
35784.8191648518,-290.71,Geosynchronous Equatorial Orbit,20776,1990-079A,1990-08-29,35786
35658.69013559829,3027.74,Geosynchronous Equatorial Orbit,20253,1989-077A,1989-09-24,35787
35604.772939978066,-3586.97,Geosynchronous Equatorial Orbit,21639,1991-054B,1991-08-01,35785
35184.804088082084,6532.03,Geosynchronous Equatorial Orbit,19548,1988-091B,1988-09-28,35786
34704.46721251971,-8706.80,Geosynchronous Equatorial Orbit,22314,1993-003B,1993-01-13,35780
34088.36144469159,-10894.63,Geosynchronous Equatorial Orbit,22787,1993-056A,1993-09-02,35787
33585.24569382321,-12358.83,Geosynchronous Equatorial Orbit,22988,1994-009A,1994-02-07,35787
32858.37862092066,-14178.73,Geosynchronous Equatorial Orbit,23223,1994-054A,1994-08-26,35787
32591.8182116544,-14778.74,Geosynchronous Equatorial Orbit,23331,1994-070A,1994-11-01,35786
32206.693947545496,-15561.18,Geosynchronous Equatorial Orbit,23467,1995-003A,1995-01-29,35769
31930.960544546484,-16157.09,Geosynchronous Equatorial Orbit,23553,1995-019A,1995-04-06,35786
31489.706477635416,-16998.96,Geosynchronous Equatorial Orbit,23613,1995-035B,1995-07-12,35785
31404.658967855627,-17153.49,Geosynchronous Equatorial Orbit,23628,1995-038A,1995-07-30,35784
30150.535052397514,-19280.20,Geosynchronous Equatorial Orbit,23842,1996-021A,1996-04-07,35788
30085.336360952395,-19378.09,Geosynchronous Equatorial Orbit,23846,1996-022A,1996-04-19,35786
30064.932998505305,-19411.57,Geosynchronous Equatorial Orbit,23855,1996-026A,1996-04-23,35787
29314.903646962193,-20524.97,Geosynchronous Equatorial Orbit,24315,1996-054A,1996-09-07,35786
28730.262352436344,-21335.65,Geosynchronous Equatorial Orbit,24674,1996-070A,1996-12-18,35786
28477.053297767052,-21672.45,Geosynchronous Equatorial Orbit,24713,1997-002A,1997-01-30,35786
28370.677250048684,-21813.16,Geosynchronous Equatorial Orbit,24732,1997-007A,1997-02-17,35787
28337.175302821062,-21861.58,Geosynchronous Equatorial Orbit,24737,1997-008A,1997-02-23,35790
27915.621093399404,-76637.07,Geostationary Transfer Orbit,27540,2002-048A,2002-10-16,81563
27792.91527502939,-22543.11,Geosynchronous Equatorial Orbit,24812,1997-026A,1997-05-23,35786
27190.768771387506,-23265.85,Geosynchronous Equatorial Orbit,24916,1997-046A,1997-08-27,35786
27146.122168360856,-23317.93,Geosynchronous Equatorial Orbit,24936,1997-050A,1997-09-03,35786
27024.436228090904,-23458.85,Geosynchronous Equatorial Orbit,24957,1997-053A,1997-09-22,35786
26818.589040800078,-23695.41,Geosynchronous Equatorial Orbit,25019,1997-065A,1997-10-24,35787
26563.267537343996,-23979.80,Geosynchronous Equatorial Orbit,25071,1997-076A,1997-12-02,35786
26138.95675623269,-24441.62,Geosynchronous Equatorial Orbit,25153,1998-006B,1998-02-04,35786
25867.50871913503,-24724.38,Geosynchronous Equatorial Orbit,25258,1998-016A,1998-03-16,35783
25508.819886593305,-25099.99,Geosynchronous Equatorial Orbit,25336,1998-029A,1998-05-08,35787
24720.06105293676,-25877.17,Geosynchronous Equatorial Orbit,25462,1998-050A,1998-08-29,35787
23473.8249300155,-26996.85,Geosynchronous Equatorial Orbit,25630,1999-006A,1999-02-16,35775
23407.005675813758,-27069.35,Geosynchronous Equatorial Orbit,25639,1999-009B,1999-02-26,35786
23236.0555869186,-27216.24,Geosynchronous Equatorial Orbit,25657,1999-013A,1999-03-21,35786
22793.333012110474,-27588.07,Geosynchronous Equatorial Orbit,25740,1999-027A,1999-05-19,35786
21804.783162442196,-28375.86,Geosynchronous Equatorial Orbit,25924,1999-053A,1999-09-25,35786
21422.089979511176,-28665.87,Geosynchronous Equatorial Orbit,25954,1999-060A,1999-11-13,35786
21343.51321338484,-28724.42,Geosynchronous Equatorial Orbit,25967,1999-063A,1999-11-23,35786
21117.09777557095,-28896.23,Geosynchronous Equatorial Orbit,26038,1999-071A,1999-12-22,35790
20877.255661287167,-29066.30,Geosynchronous Equatorial Orbit,26052,2000-001A,2000-01-21,35787
20396.901019637553,-29405.37,Geosynchronous Equatorial Orbit,26107,2000-016A,2000-03-21,35787
20081.653280303937,-29761.60,Geosynchronous Equatorial Orbit,26356,2000-024A,2000-05-07,35903
19886.04957930857,-29752.02,Geosynchronous Equatorial Orbit,26369,2000-028A,2000-05-23,35786
19584.686576416,-29953.65,Geosynchronous Equatorial Orbit,26388,2000-034A,2000-06-29,35788
19395.340942252595,-29664.05,Geostationary Transfer Orbit,26390,2000-035A,2000-06-29,35442
19353.908182901414,-30102.09,Geosynchronous Equatorial Orbit,26451,2000-043A,2000-07-27,35787
19188.223782271278,-30206.79,Geosynchronous Equatorial Orbit,26469,2000-046A,2000-08-16,35786
18956.5866887656,-30353.87,Geosynchronous Equatorial Orbit,26494,2000-054A,2000-09-13,35787
18815.079759734912,-30441.78,Geosynchronous Equatorial Orbit,26554,2000-059A,2000-09-30,35787
18656.44259370608,-30539.26,Geosynchronous Equatorial Orbit,26575,2000-065A,2000-10-19,35787
18648.079242160267,-30544.37,Geosynchronous Equatorial Orbit,26580,2000-067A,2000-10-20,35787
18580.602928844753,-30584.29,Geosynchronous Equatorial Orbit,26590,2000-068A,2000-10-28,35786
18421.742244187433,-30681.41,Geosynchronous Equatorial Orbit,26608,2000-072A,2000-11-16,35787
18379.203522240554,-30705.74,Geosynchronous Equatorial Orbit,26624,2000-076A,2000-11-21,35786
18134.787607061662,-30850.73,Geosynchronous Equatorial Orbit,26638,2000-081A,2000-12-20,35786
18134.787607061662,-30850.73,Geosynchronous Equatorial Orbit,26639,2000-081B,2000-12-20,35786
17719.218463313766,-31091.27,Geosynchronous Equatorial Orbit,26694,2001-005A,2001-02-07,35786
17538.869812248537,-31170.42,Geosynchronous Equatorial Orbit,26715,2001-009A,2001-02-27,35766
17474.203006348933,-31235.36,Geosynchronous Equatorial Orbit,26719,2001-011A,2001-03-08,35791
16895.86467985885,-31546.28,Geosynchronous Equatorial Orbit,26766,2001-019A,2001-05-14,35786
16679.976399498228,-31662.09,Geosynchronous Equatorial Orbit,26824,2001-024A,2001-06-08,35787
16618.790570110967,-31693.12,Geosynchronous Equatorial Orbit,26853,2001-025A,2001-06-15,35786
16175.478947591588,-31923.89,Geosynchronous Equatorial Orbit,26880,2001-033A,2001-08-05,35788
15964.435506216305,-32027.72,Geosynchronous Equatorial Orbit,26900,2001-039A,2001-08-29,35786
15926.7186987812,-25363.01,Geostationary Transfer Orbit,26483,2000-051A,2000-09-04,29949
15465.501646752477,-12971.22,Medium Earth Orbit,24876,1997-035A,1997-07-22,20185
14914.708165728814,-13287.29,Geostationary Transfer Orbit,25034,1997-068A,1997-11-08,19975
14743.445150106569,-32608.90,Geosynchronous Equatorial Orbit,27168,2002-001A,2002-01-14,35787
14402.933935089355,-32759.63,Geosynchronous Equatorial Orbit,27378,2002-006A,2002-02-21,35786
14384.99045290311,-32767.51,Geosynchronous Equatorial Orbit,27380,2002-007A,2002-02-23,35786
14269.449022352685,-32821.26,Geosynchronous Equatorial Orbit,27389,2002-011A,2002-03-08,35789
14081.262669897345,-32904.62,Geosynchronous Equatorial Orbit,27399,2002-015A,2002-03-29,35791
14079.688948831168,-32900.94,Geosynchronous Equatorial Orbit,27400,2002-015B,2002-03-29,35787
13926.377882732235,-32966.12,Geosynchronous Equatorial Orbit,27414,2002-019A,2002-04-15,35787
13736.193482784021,-33044.74,Geosynchronous Equatorial Orbit,27426,2002-023A,2002-05-06,35786
13621.986613691714,-22885.76,Geostationary Transfer Orbit,26626,2000-077A,2000-11-30,26633
13473.726337760892,-33153.70,Geosynchronous Equatorial Orbit,27438,2002-027A,2002-06-04,35787
13382.516254383574,-33189.55,Geosynchronous Equatorial Orbit,27445,2002-030A,2002-06-14,35786
13200.917595882634,-33263.27,Geosynchronous Equatorial Orbit,27460,2002-035A,2002-07-04,35787
12707.629274099072,-33454.83,Geosynchronous Equatorial Orbit,27509,2002-040B,2002-08-27,35787
12624.788711381781,-33485.11,Geosynchronous Equatorial Orbit,27513,2002-041A,2002-09-05,35786
12515.038598299612,-33527.35,Geosynchronous Equatorial Orbit,27528,2002-044A,2002-09-17,35787
12248.84399014551,-16039.92,Medium Earth Orbit,25933,1999-055A,1999-10-06,20182
11786.217971981032,-33788.33,Geosynchronous Equatorial Orbit,27566,2002-055A,2002-12-05,35785
11675.77880852193,-33828.77,Geosynchronous Equatorial Orbit,27603,2002-057A,2002-12-17,35787
11275.783983300713,-16740.69,Medium Earth Orbit,26360,2000-025A,2000-05-10,20184
11037.72061540988,-17044.13,Medium Earth Orbit,26407,2000-040A,2000-07-15,20306
10894.630926105956,-34088.36,Geosynchronous Equatorial Orbit,27691,2003-008A,2003-03-11,35787
10642.30362668376,-34167.98,Geosynchronous Equatorial Orbit,27711,2003-012A,2003-04-07,35787
10632.649796395544,-34169.94,Geosynchronous Equatorial Orbit,27715,2003-013B,2003-04-08,35786
10497.837627489816,-17419.23,Medium Earth Orbit,26605,2000-071A,2000-11-10,20338
10314.060665894936,-34267.45,Geosynchronous Equatorial Orbit,27811,2003-020A,2003-05-12,35786
10051.020623525505,-34345.52,Geosynchronous Equatorial Orbit,27825,2003-026A,2003-06-09,35786
10041.615316105112,-34348.27,Geosynchronous Equatorial Orbit,27831,2003-028B,2003-06-10,35786
10032.872504432919,-17515.01,Medium Earth Orbit,26690,2001-004A,2001-01-30,20185
9494.842117516486,-34503.42,Geosynchronous Equatorial Orbit,27854,2003-034A,2003-08-07,35786
9296.534471791778,-34558.41,Geosynchronous Equatorial Orbit,27875,2003-040A,2003-08-28,35787
9192.396954909502,-34586.26,Geosynchronous Equatorial Orbit,27937,2003-041A,2003-09-08,35787
8983.621618624571,-34640.04,Geosynchronous Equatorial Orbit,27954,2003-044A,2003-09-30,35786
8460.67918002709,-34770.43,Geosynchronous Equatorial Orbit,28089,2003-053A,2003-11-24,35785
8232.447325360656,-34827.23,Geosynchronous Equatorial Orbit,28117,2003-057A,2003-12-18,35787
7678.295604707559,-34953.59,Geosynchronous Equatorial Orbit,28158,2004-004A,2004-02-14,35787
7410.072248252876,-35011.43,Geosynchronous Equatorial Orbit,28184,2004-007A,2004-03-13,35787
7390.690056423649,-35014.50,Geosynchronous Equatorial Orbit,28187,2004-008A,2004-03-15,35786
6775.9468199349085,-35138.64,Geosynchronous Equatorial Orbit,28252,2004-017A,2004-05-18,35786
6506.3310947402115,-35189.56,Geosynchronous Equatorial Orbit,28358,2004-022A,2004-06-15,35786
6380.869814622982,-19218.40,Medium Earth Orbit,27663,2003-005A,2003-01-29,20250
6197.731406427596,-35245.23,Geosynchronous Equatorial Orbit,28378,2004-027A,2004-07-17,35786
6063.666099461908,-19318.73,Medium Earth Orbit,27704,2003-010A,2003-03-30,20248
5359.512888458336,-3497.95,Geostationary Transfer Orbit,23893,1996-029A,1996-05-11,6400
5346.69988850401,-35384.33,Geosynchronous Equatorial Orbit,28446,2004-041A,2004-10-13,35786
4618.0522698322975,-19608.53,Medium Earth Orbit,28129,2003-058A,2003-12-21,20145
4249.532814381313,-35533.80,Geosynchronous Equatorial Orbit,28526,2005-003A,2005-02-03,35787
4161.7145202660495,-35542.18,Geosynchronous Equatorial Orbit,28542,2005-005A,2005-02-12,35785
4141.244417677574,-19753.57,Medium Earth Orbit,28190,2004-009A,2004-03-20,20183
3996.3272501001993,-35562.16,Geosynchronous Equatorial Orbit,28626,2005-008A,2005-03-01,35786
3898.931525794545,-35572.97,Geosynchronous Equatorial Orbit,28628,2005-009A,2005-03-11,35786
3254.4264247174724,-19910.78,Geostationary Transfer Orbit,28384,2004-034A,2004-08-30,20175
3206.7135396049835,-35643.04,Geosynchronous Equatorial Orbit,28659,2005-019A,2005-05-21,35787
2894.266926392948,-35669.77,Geosynchronous Equatorial Orbit,28702,2005-022A,2005-06-22,35787
2884.4186620912187,-35669.57,Geosynchronous Equatorial Orbit,28707,2005-023A,2005-06-23,35786
2884.132626620118,-19974.86,Medium Earth Orbit,28474,2004-045A,2004-11-06,20182
2415.4106052435554,-35705.39,Geosynchronous Equatorial Orbit,28786,2005-028A,2005-08-10,35787
2395.788678955716,-35705.71,Geosynchronous Equatorial Orbit,28790,2005-030A,2005-08-12,35786
2141.5178039936172,-35721.87,Geosynchronous Equatorial Orbit,28868,2005-036A,2005-09-07,35786
1831.449168807118,-863.96,Medium Earth Orbit,23439,1994-085A,1994-12-26,2025
1799.0610180901526,-35740.75,Geosynchronous Equatorial Orbit,28884,2005-041A,2005-10-12,35786
1799.01074532935,-35739.75,Geosynchronous Equatorial Orbit,28885,2005-041B,2005-10-12,35785
1534.8084064198013,-35754.07,Geosynchronous Equatorial Orbit,28899,2005-044A,2005-11-08,35787
1456.4389790726539,-35756.35,Geosynchronous Equatorial Orbit,28903,2005-046B,2005-11-16,35786
1113.6520379196934,-35767.67,Geosynchronous Equatorial Orbit,28912,2005-049B,2005-12-21,35785
1108.425125419154,-20151.54,Medium Earth Orbit,28874,2005-038A,2005-09-25,20182
1035.3234706599922,-35771.02,Geosynchronous Equatorial Orbit,28924,2005-052A,2005-12-29,35786
919.883946826421,-1073.88,Low Earth Orbit,25652,1999-012D,1999-03-15,1414
722.2136016615352,-186.88,Low Earth Orbit,22490,1993-009B,1993-02-09,746
666.6297123084887,-525.74,Low Earth Orbit,24753,1997-012A,1997-04-03,849
613.0276704868154,-524.83,Low Earth Orbit,24920,1997-047A,1997-08-28,807
591.4414441468415,-1292.07,Low Earth Orbit,27056,2001-058B,2001-12-28,1421
589.7765843462874,-1288.43,Low Earth Orbit,27057,2001-058C,2001-12-28,1417
585.6286671784168,-549.41,Low Earth Orbit,25159,1998-007C,1998-02-10,803
575.3178507109169,-567.34,Low Earth Orbit,25338,1998-030A,1998-05-12,808
570.7951050178124,-521.27,Low Earth Orbit,25112,1997-084A,1997-12-23,773
570.7951050178124,-521.27,Low Earth Orbit,25113,1997-084B,1997-12-23,773
570.7951050178124,-521.27,Low Earth Orbit,25114,1997-084C,1997-12-23,773
570.7951050178124,-521.27,Low Earth Orbit,25115,1997-084D,1997-12-23,773
570.7951050178124,-521.27,Low Earth Orbit,25116,1997-084E,1997-12-23,773
570.7951050178124,-521.27,Low Earth Orbit,25117,1997-084F,1997-12-23,773
570.7951050178124,-521.27,Low Earth Orbit,25118,1997-084G,1997-12-23,773
570.7951050178124,-521.27,Low Earth Orbit,25119,1997-084H,1997-12-23,773
565.074167652272,-35781.54,Geosynchronous Equatorial Orbit,28935,2006-003A,2006-02-15,35786
559.7664687590019,-593.73,Low Earth Orbit,25475,1998-053A,1998-09-22,816
556.7980836553463,15.00,Low Earth Orbit,20580,1990-037B,1990-04-23,557
551.4530662521186,-568.47,Low Earth Orbit,25414,1998-046B,1998-08-01,792
551.4530662521186,-568.47,Low Earth Orbit,25415,1998-046C,1998-08-01,792
551.4530662521186,-568.47,Low Earth Orbit,25416,1998-046D,1998-08-01,792
551.4530662521186,-568.47,Low Earth Orbit,25418,1998-046F,1998-08-01,792
551.4530662521186,-568.47,Low Earth Orbit,25419,1998-046G,1998-08-01,792
551.4530662521186,-568.47,Low Earth Orbit,25420,1998-046H,1998-08-01,792
547.3810180434198,-1382.59,Low Earth Orbit,27464,2002-036A,2002-07-07,1487
547.0129070696179,-1381.66,Low Earth Orbit,27465,2002-036B,2002-07-07,1486
542.6167607700619,-575.54,Low Earth Orbit,25477,1998-053C,1998-09-22,791
542.6167607700619,-575.54,Low Earth Orbit,25481,1998-053G,1998-09-22,791
508.63095947850167,-548.45,Low Earth Orbit,25504,1998-060A,1998-10-22,748
499.84764227972,-680.06,Low Earth Orbit,25991,1999-067A,1999-12-12,844
470.4482200701169,-637.14,Low Earth Orbit,25980,1999-065A,1999-12-04,792
470.4482200701169,-637.14,Low Earth Orbit,25981,1999-065B,1999-12-04,792
470.4482200701169,-637.14,Low Earth Orbit,25984,1999-065E,1999-12-04,792
470.4482200701169,-637.14,Low Earth Orbit,25985,1999-065F,1999-12-04,792
469.8542197922506,-636.33,Low Earth Orbit,25982,1999-065C,1999-12-04,791
458.951491024056,-557.36,Low Earth Orbit,25757,1999-029B,1999-05-25,722
452.93839183111237,-537.64,Low Earth Orbit,25682,1999-020A,1999-04-14,703
420.27094933148373,-906.30,Low Earth Orbit,27004,2001-056D,2001-12-10,999
415.41104897194765,-567.14,Low Earth Orbit,25994,1999-068A,1999-12-18,703
389.68985052652704,-1432.96,Low Earth Orbit,27868,2003-037A,2003-08-18,1485
389.4274331187651,-1431.99,Low Earth Orbit,27869,2003-037B,2003-08-18,1484
335.1209932353308,-527.56,Low Earth Orbit,26473,2000-047A,2000-08-16,625
329.9170479999425,-35785.48,Geosynchronous Equatorial Orbit,28946,2006-007B,2006-03-11,35787
329.9078290922945,-35784.48,Geosynchronous Equatorial Orbit,28945,2006-007A,2006-03-11,35786
286.51115611426445,-313.91,Low Earth Orbit,47924,1998-067SA,1998-11-20,425
283.1404366305672,-310.21,Low Earth Orbit,46925,1998-067RV,1998-11-20,420
281.79214883708835,-308.73,Low Earth Orbit,45800,1998-067RM,1998-11-20,418
281.79214883708835,-308.73,Low Earth Orbit,45809,1998-067RN,1998-11-20,418
281.79214883708835,-308.73,Low Earth Orbit,48850,1998-067SL,1998-11-20,418
281.79214883708835,-308.73,Low Earth Orbit,48851,1998-067SM,1998-11-20,418
281.1180049403489,-308.00,Low Earth Orbit,45263,1998-067RG,1998-11-20,417
281.1180049403489,-308.00,Low Earth Orbit,45916,1998-067RP,1998-11-20,417
281.1180049403489,-308.00,Low Earth Orbit,48868,1998-067SP,1998-11-20,417
280.95936275344496,-497.09,Low Earth Orbit,26702,2001-007A,2001-02-20,571
280.44386104360945,-307.26,Low Earth Orbit,45597,1998-067RK,1998-11-20,416
280.44386104360945,-307.26,Low Earth Orbit,46922,1998-067RS,1998-11-20,416
280.44386104360945,-307.26,Low Earth Orbit,46926,1998-067RW,1998-11-20,416
279.09557325013054,-305.78,Low Earth Orbit,45264,1998-067RH,1998-11-20,414
279.09557325013054,-305.78,Low Earth Orbit,47927,1998-067SD,1998-11-20,414
279.09557325013054,-305.78,Low Earth Orbit,47931,1998-067SH,1998-11-20,414
278.4214293533911,-305.04,Low Earth Orbit,44364,1998-067QJ,1998-11-20,413
277.74728545665164,-304.30,Low Earth Orbit,25544,1998-067A,1998-11-20,412
277.74728545665164,-304.30,Low Earth Orbit,47926,1998-067SC,1998-11-20,412
277.74728545665164,-304.30,Low Earth Orbit,47930,1998-067SG,1998-11-20,412
276.39899766317274,-302.83,Low Earth Orbit,44330,1998-067QF,1998-11-20,410
272.3541342827361,-298.39,Low Earth Orbit,42982,1998-067NE,1998-11-20,404
271.67999038599663,-297.66,Low Earth Orbit,43547,1998-067NV,1998-11-20,403
271.67999038599663,-297.66,Low Earth Orbit,43638,1998-067PN,1998-11-20,403
270.3745749173661,-648.93,Low Earth Orbit,27424,2002-022A,2002-05-03,703
268.82876321317445,-385.53,Low Earth Orbit,26102,2000-014A,2000-03-12,470
266.8139071593545,-787.00,Low Earth Orbit,27640,2003-001A,2003-01-06,831
266.33985140681415,-554.34,Low Earth Orbit,26958,2001-049B,2001-10-21,615
258.3407371715698,-555.90,Low Earth Orbit,26998,2001-055B,2001-12-07,613
230.31017768827576,-1467.03,Low Earth Orbit,28420,2004-037B,2004-09-22,1485
229.99999563078313,-1465.06,Low Earth Orbit,28419,2004-037A,2004-09-22,1483
227.37347226106687,-793.05,Low Earth Orbit,27843,2003-031D,2003-06-29,825
226.82226384346427,-791.13,Low Earth Orbit,27848,2003-031J,2003-06-29,823
221.30026677866996,-460.59,Low Earth Orbit,26959,2001-049C,2001-10-21,511
220.7191337682013,-496.12,Low Earth Orbit,27370,2002-004A,2002-02-05,543
214.8173870420338,-624.06,Low Earth Orbit,27606,2002-058B,2002-12-20,660
214.24591471824957,-523.88,Low Earth Orbit,27434,2002-025A,2002-05-27,566
212.5390208158304,-617.44,Low Earth Orbit,27607,2002-058C,2002-12-20,653
209.05619420915534,-821.83,Low Earth Orbit,28054,2003-048A,2003-10-17,848
207.98228836342363,-604.21,Low Earth Orbit,27612,2002-058H,2002-12-20,639
202.3710002763214,-794.64,Low Earth Orbit,28051,2003-046A,2003-10-16,820
195.06086323996115,-585.35,Low Earth Orbit,27651,2003-004A,2003-01-25,617
181.5961729995652,-716.34,Low Earth Orbit,28058,2003-049B,2003-10-20,739
171.42625070294125,-658.04,Low Earth Orbit,27939,2003-042A,2003-09-26,680
170.01759071432792,-621.15,Low Earth Orbit,27858,2003-036A,2003-08-12,644
137.65574551249819,-759.63,Low Earth Orbit,28366,2004-025A,2004-06-28,772
131.80712057348362,-1102.15,Low Earth Orbit,28537,2005-004A,2005-02-03,1110
131.80712057348362,-1102.15,Low Earth Orbit,28538,2005-004B,2005-02-03,1110
131.59318677231045,-726.17,Low Earth Orbit,28370,2004-025E,2004-06-28,738
130.1667023628545,-718.30,Low Earth Orbit,28372,2004-025G,2004-06-28,730
128.74021795339857,-710.43,Low Earth Orbit,28369,2004-025D,2004-06-28,722
127.49204409512461,-703.54,Low Earth Orbit,28371,2004-025F,2004-06-28,715
122.32041292112916,-692.28,Low Earth Orbit,28376,2004-026A,2004-07-14,703
117.41873568335944,-582.28,Low Earth Orbit,28220,2004-012A,2004-04-17,594
94.37446833639403,-585.44,Low Earth Orbit,28413,2004-035A,2004-09-07,593
94.37446833639403,-585.44,Low Earth Orbit,28414,2004-035B,2004-09-07,593
89.69258190531045,-676.08,Low Earth Orbit,28492,2004-049A,2004-12-18,682
86.40473066244716,-651.29,Low Earth Orbit,28493,2004-049B,2004-12-18,657
83.02849351235203,-575.04,Low Earth Orbit,28470,2004-044A,2004-11-06,581
78.45850953071898,-558.52,Low Earth Orbit,28485,2004-047A,2004-11-20,564
76.98894658786146,-850.52,Low Earth Orbit,28654,2005-018A,2005-05-19,854
68.35683719547188,-711.72,Low Earth Orbit,28646,2005-016A,2005-04-29,715
58.33517055158559,-616.25,Low Earth Orbit,28649,2005-017A,2005-05-04,619
44.8759602816878,-1441.30,Low Earth Orbit,28909,2005-048B,2005-12-21,1442
43.68832274081618,-561.30,Low Earth Orbit,28737,2005-024A,2005-07-04,563
39.620790627810834,-615.73,Low Earth Orbit,28810,2005-031B,2005-08-22,617
32.13896348747041,-691.25,Low Earth Orbit,28890,2005-043A,2005-10-26,692
31.951075716162144,-656.22,Low Earth Orbit,28888,2005-042A,2005-10-18,657
26.132411250508397,-35786.99,Geosynchronous Equatorial Orbit,29045,2006-010A,2006-04-11,35787
0,1450.00,Low Earth Orbit,7530,1974-089B,1974-11-15,1450
-0.06462454516964009,-708.00,Low Earth Orbit,29050,2006-011D,2006-04-14,708
-0.07302208493744643,-800.00,Low Earth Orbit,29047,2006-011A,2006-04-14,800
-0.07302208493744643,-800.00,Low Earth Orbit,29048,2006-011B,2006-04-14,800
-0.07302208493744643,-800.00,Low Earth Orbit,29051,2006-011E,2006-04-14,800
-0.07302208493744643,-800.00,Low Earth Orbit,29052,2006-011F,2006-04-14,800
-1.4459266318670982,-511.00,Low Earth Orbit,29079,2006-014A,2006-04-24,511
-2.566720586473353,-703.00,Low Earth Orbit,29107,2006-016A,2006-04-27,703
-2.566720586473353,-703.00,Low Earth Orbit,29108,2006-016B,2006-04-27,703
-13.205669023884955,-545.84,Low Earth Orbit,29252,2006-029A,2006-07-11,546
-19.62484494624632,-686.72,Low Earth Orbit,29268,2006-031A,2006-07-27,687
-29.977160187342182,-682.34,Low Earth Orbit,29479,2006-041A,2006-09-21,683
-31.05504162953479,-592.19,Low Earth Orbit,29505,2006-046A,2006-10-22,593
-31.15978038713862,-594.18,Low Earth Orbit,29506,2006-046B,2006-10-22,595
-33.22441430945636,-485.87,Low Earth Orbit,29658,2006-060A,2006-12-19,487
-42.097201396694025,-819.92,Low Earth Orbit,29499,2006-044A,2006-10-18,821
-46.543231009945494,-625.27,Low Earth Orbit,29709,2007-001A,2007-01-10,627
-47.062852408780614,-632.25,Low Earth Orbit,29710,2007-001B,2007-01-10,634
-47.47946009110718,-847.67,Low Earth Orbit,29522,2006-050A,2006-11-04,849
-48.542385821144215,-536.81,Low Earth Orbit,30776,2007-006E,2007-03-09,539
-48.72250599116701,-538.80,Low Earth Orbit,30777,2007-006F,2007-03-09,541
-52.26480856661486,-35786.96,Geosynchronous Equatorial Orbit,29055,2006-012A,2006-04-19,35787
-52.7245470785765,-454.96,Low Earth Orbit,31601,2007-025A,2007-06-09,458
-56.223556614567585,-545.11,Low Earth Orbit,31304,2007-015A,2007-04-24,548
-58.976305707134095,-483.42,Low Earth Orbit,31797,2007-030A,2007-07-01,487
-59.17135819979757,-504.54,Low Earth Orbit,31698,2007-026A,2007-06-14,508
-65.64760412602473,-543.05,Low Earth Orbit,31789,2007-028A,2007-06-27,547
-66.97906235388156,-663.63,Low Earth Orbit,31118,2007-012B,2007-04-16,667
-68.58575650330002,-679.55,Low Earth Orbit,31125,2007-012J,2007-04-16,683
-69.08784842499328,-684.52,Low Earth Orbit,31124,2007-012H,2007-04-16,688
-69.58994034668655,-689.50,Low Earth Orbit,31119,2007-012C,2007-04-16,693
-70.09203226837981,-694.47,Low Earth Orbit,31127,2007-012L,2007-04-16,698
-70.1409689237037,-487.98,Low Earth Orbit,32060,2007-041A,2007-09-17,493
-70.59412419007307,-699.45,Low Earth Orbit,31121,2007-012E,2007-04-16,703
-71.38026026010411,-618.90,Low Earth Orbit,31598,2007-023A,2007-06-07,623
-74.91299571688262,-479.18,Low Earth Orbit,32283,2007-053A,2007-11-01,485
-86.93279365878507,-485.27,Low Earth Orbit,32476,2008-002A,2008-01-21,493
-90.64202412544805,-458.12,Low Earth Orbit,32750,2008-014A,2008-03-27,467
-102.36317377783007,-844.82,Low Earth Orbit,31792,2007-029A,2007-06-28,851
-102.62804036882166,-614.49,Low Earth Orbit,32376,2007-059A,2007-12-09,623
-109.87400742135702,-475.47,Low Earth Orbit,33244,2008-036A,2008-07-21,488
-117.16675459157422,-534.30,Low Earth Orbit,33053,2008-029A,2008-06-10,547
-122.86563878783232,-594.44,Low Earth Orbit,32789,2008-021G,2008-04-27,607
-124.8897844021294,-604.23,Low Earth Orbit,32791,2008-021J,2008-04-27,617
-125.04980907856525,-402.00,Low Earth Orbit,34807,2009-019A,2009-04-19,421
-125.29461352498882,-606.19,Low Earth Orbit,32790,2008-021H,2008-04-27,619
-128.33083194643442,-620.88,Low Earth Orbit,32783,2008-021A,2008-04-27,634
-129.05878914444037,-1100.46,Low Earth Orbit,31701,2007-027A,2007-06-14,1108
-183.61598924097134,-643.31,Low Earth Orbit,33492,2009-002A,2009-01-23,669
-189.49782625335422,-425.73,Low Earth Orbit,36608,2010-031A,2010-06-21,466
-197.39162831486797,-578.24,Low Earth Orbit,35686,2009-041F,2009-07-28,611
-201.341941379961,-800.05,Low Earth Orbit,33396,2008-049A,2008-09-30,825
-201.3573876936447,-768.04,Low Earth Orbit,33433,2008-056A,2008-11-05,794
-201.6109864186997,-769.01,Low Earth Orbit,33434,2008-056B,2008-11-05,795
-202.8837030797661,-594.32,Low Earth Orbit,35685,2009-041E,2009-07-28,628
-206.43739851587665,-604.74,Low Earth Orbit,35684,2009-041D,2009-07-28,639
-206.85633310354498,-465.07,Low Earth Orbit,36605,2010-030A,2010-06-20,509
-209.48415499270132,-449.59,Low Earth Orbit,36985,2010-040A,2010-08-23,496
-213.43157552121414,-1397.80,Low Earth Orbit,32263,2007-048A,2007-10-19,1414
-213.43157552121414,-1397.80,Low Earth Orbit,32264,2007-048B,2007-10-19,1414
-213.43157552121414,-1397.80,Low Earth Orbit,32265,2007-048C,2007-10-19,1414
-213.54478938809777,-625.56,Low Earth Orbit,35683,2009-041C,2009-07-28,661
-213.86785260956236,-626.50,Low Earth Orbit,35681,2009-041A,2009-07-28,662
-231.34387915800937,-604.23,Low Earth Orbit,36110,2009-069A,2009-12-09,647
-237.81634656326526,-821.26,Low Earth Orbit,33591,2009-005A,2009-02-06,855
-239.69829160147086,-541.30,Low Earth Orbit,36596,2010-027A,2010-06-14,592
-241.33897186513366,-673.04,Low Earth Orbit,35932,2009-051B,2009-09-22,715
-241.67650888872126,-673.98,Low Earth Orbit,35935,2009-051E,2009-09-22,716
-243.70143913237533,-650.87,Low Earth Orbit,36088,2009-061A,2009-11-12,695
-245.06767783885678,-635.38,Low Earth Orbit,36124,2009-073A,2009-12-18,681
-249.92415290650987,-673.10,Low Earth Orbit,36037,2009-059B,2009-11-02,718
-256.8664574068162,-568.68,Low Earth Orbit,36797,2010-035C,2010-07-11,624
-257.19644813826767,-535.43,Low Earth Orbit,37179,2010-051A,2010-10-05,594
-257.19644813826767,-535.43,Low Earth Orbit,37180,2010-051B,2010-10-05,594
-260.23431068581715,-417.54,Low Earth Orbit,37875,2011-066B,2011-11-09,492
-260.98290704474596,-577.79,Low Earth Orbit,36795,2010-035A,2010-07-11,634
-261.51285818935435,-719.98,Low Earth Orbit,35946,2009-055A,2009-10-07,766
-262.47496754129304,-569.42,Low Earth Orbit,36834,2010-038A,2010-08-08,627
-262.72936891820694,-832.53,Low Earth Orbit,34903,2009-023A,2009-05-04,873
-263.03674456132933,-338.90,Low Earth Orbit,38997,2012-064A,2012-11-18,429
-264.5436716002054,-712.47,Low Earth Orbit,36036,2009-059A,2009-11-02,760
-268.00325446732273,-134.81,Low Earth Orbit,42689,2017-022A,2017-04-30,300
-268.52959258018274,-15.90,Low Earth Orbit,48640,2021-044C,2021-05-25,269
-268.52959258018274,-15.90,Low Earth Orbit,48641,2021-044D,2021-05-25,269
-268.52959258018274,-15.90,Low Earth Orbit,48642,2021-044E,2021-05-25,269
-268.52959258018274,-15.90,Low Earth Orbit,48643,2021-044F,2021-05-25,269
-268.52959258018274,-15.90,Low Earth Orbit,48644,2021-044G,2021-05-25,269
-268.52959258018274,-15.90,Low Earth Orbit,48645,2021-044H,2021-05-25,269
-268.52959258018274,-15.90,Low Earth Orbit,48646,2021-044J,2021-05-25,269
-268.52959258018274,-15.90,Low Earth Orbit,48647,2021-044K,2021-05-25,269
-268.52959258018274,-15.90,Low Earth Orbit,48648,2021-044L,2021-05-25,269
-268.52959258018274,-15.90,Low Earth Orbit,48649,2021-044M,2021-05-25,269
-268.52959258018274,-15.90,Low Earth Orbit,48650,2021-044N,2021-05-25,269
-268.52959258018274,-15.90,Low Earth Orbit,48651,2021-044P,2021-05-25,269
-268.52959258018274,-15.90,Low Earth Orbit,48652,2021-044Q,2021-05-25,269
-268.52959258018274,-15.90,Low Earth Orbit,48653,2021-044R,2021-05-25,269
-268.52959258018274,-15.90,Low Earth Orbit,48654,2021-044S,2021-05-25,269
-268.52959258018274,-15.90,Low Earth Orbit,48655,2021-044T,2021-05-25,269
-268.52959258018274,-15.90,Low Earth Orbit,48656,2021-044U,2021-05-25,269
-268.52959258018274,-15.90,Low Earth Orbit,48657,2021-044V,2021-05-25,269
-268.52959258018274,-15.90,Low Earth Orbit,48658,2021-044W,2021-05-25,269
-268.52959258018274,-15.90,Low Earth Orbit,48659,2021-044X,2021-05-25,269
-268.52959258018274,-15.90,Low Earth Orbit,48660,2021-044Y,2021-05-25,269
-268.52959258018274,-15.90,Low Earth Orbit,48661,2021-044Z,2021-05-25,269
-268.52959258018274,-15.90,Low Earth Orbit,48662,2021-044AA,2021-05-25,269
-268.52959258018274,-15.90,Low Earth Orbit,48663,2021-044AB,2021-05-25,269
-268.52959258018274,-15.90,Low Earth Orbit,48664,2021-044AC,2021-05-25,269
-268.52959258018274,-15.90,Low Earth Orbit,48665,2021-044AD,2021-05-25,269
-268.52959258018274,-15.90,Low Earth Orbit,48666,2021-044AE,2021-05-25,269
-268.52959258018274,-15.90,Low Earth Orbit,48667,2021-044AF,2021-05-25,269
-268.52959258018274,-15.90,Low Earth Orbit,48668,2021-044AG,2021-05-25,269
-268.52959258018274,-15.90,Low Earth Orbit,48669,2021-044AH,2021-05-25,269
-268.52959258018274,-15.90,Low Earth Orbit,48670,2021-044AJ,2021-05-25,269
-268.52959258018274,-15.90,Low Earth Orbit,48671,2021-044AK,2021-05-25,269
-268.52959258018274,-15.90,Low Earth Orbit,48672,2021-044AL,2021-05-25,269
-268.52959258018274,-15.90,Low Earth Orbit,48673,2021-044AM,2021-05-25,269
-268.52959258018274,-15.90,Low Earth Orbit,48674,2021-044AN,2021-05-25,269
-268.52959258018274,-15.90,Low Earth Orbit,48675,2021-044AP,2021-05-25,269
-268.52959258018274,-15.90,Low Earth Orbit,48676,2021-044AQ,2021-05-25,269
-268.52959258018274,-15.90,Low Earth Orbit,48677,2021-044AR,2021-05-25,269
-268.52959258018274,-15.90,Low Earth Orbit,48678,2021-044AS,2021-05-25,269
-268.52959258018274,-15.90,Low Earth Orbit,48679,2021-044AT,2021-05-25,269
-268.52959258018274,-15.90,Low Earth Orbit,48680,2021-044AU,2021-05-25,269
-268.52959258018274,-15.90,Low Earth Orbit,48681,2021-044AV,2021-05-25,269
-268.52959258018274,-15.90,Low Earth Orbit,48682,2021-044AW,2021-05-25,269
-268.52959258018274,-15.90,Low Earth Orbit,48683,2021-044AX,2021-05-25,269
-268.52959258018274,-15.90,Low Earth Orbit,48684,2021-044AY,2021-05-25,269
-268.52959258018274,-15.90,Low Earth Orbit,48685,2021-044AZ,2021-05-25,269
-268.52959258018274,-15.90,Low Earth Orbit,48686,2021-044BA,2021-05-25,269
-268.52959258018274,-15.90,Low Earth Orbit,48687,2021-044BB,2021-05-25,269
-268.52959258018274,-15.90,Low Earth Orbit,48688,2021-044BC,2021-05-25,269
-268.52959258018274,-15.90,Low Earth Orbit,48689,2021-044BD,2021-05-25,269
-268.52959258018274,-15.90,Low Earth Orbit,48690,2021-044BE,2021-05-25,269
-268.52959258018274,-15.90,Low Earth Orbit,48691,2021-044BF,2021-05-25,269
-268.52959258018274,-15.90,Low Earth Orbit,48692,2021-044BG,2021-05-25,269
-483.6076696537037,-105.59,Low Earth Orbit,44705,2019-072C,2019-11-03,495
-483.6076696537037,-105.59,Low Earth Orbit,44706,2019-072D,2019-11-03,495
-484.2676031405843,-202.76,Low Earth Orbit,43100,2018-002B,2018-01-09,525
-484.33750171037076,-149.89,Low Earth Orbit,43876,2018-111A,2018-12-27,507
-484.4605344665536,-236.26,Low Earth Orbit,42759,2017-034B,2017-06-14,539
-484.4605344665536,-236.26,Low Earth Orbit,42761,2017-034D,2017-06-14,539
-484.4672085787574,-131.51,Low Earth Orbit,44226,2019-026B,2019-05-04,502
-484.58465484492325,-105.80,Low Earth Orbit,44703,2019-072A,2019-11-03,496
-484.58744762541124,-453.95,Low Earth Orbit,40018,2014-033J,2014-06-18,664
-485.19001762275684,-203.14,Low Earth Orbit,43099,2018-002A,2018-01-09,526
-485.35934807409825,-236.70,Low Earth Orbit,42760,2017-034C,2017-06-14,540
-486.01160101458373,-69.81,Low Earth Orbit,45940,2020-051B,2020-07-24,491
-486.01160101458373,-69.81,Low Earth Orbit,45941,2020-051C,2020-07-24,491
-486.25816168164283,-237.14,Low Earth Orbit,42758,2017-034A,2017-06-14,541
-486.397356820107,-132.04,Low Earth Orbit,44229,2019-026E,2019-05-04,504
-486.73341038626637,-418.63,Low Earth Orbit,40310,2014-072A,2014-11-20,642
-486.7871831280516,-511.35,Low Earth Orbit,39430,2013-066Q,2013-11-21,706
-486.99269653645746,-2.67,Low Earth Orbit,49814,2021-117C,2021-12-07,487
-487.26531499963613,-51.70,Low Earth Orbit,47231,2020-092A,2020-12-06,490
-487.9912816704476,-70.10,Low Earth Orbit,45939,2020-051A,2020-07-24,493
-487.9926815396124,-2.67,Low Earth Orbit,49815,2021-117D,2021-12-07,488
-488.0846572924049,-113.02,Low Earth Orbit,44539,2019-060F,2019-09-18,501
-488.21898307793043,-68.49,Low Earth Orbit,46026,2020-054B,2020-08-05,493
-488.22378441272167,-75.32,Low Earth Orbit,45796,2020-039C,2020-06-16,494
-488.505598680852,-159.87,Low Earth Orbit,43669,2018-083H,2018-10-29,514
-488.826526585459,-55.79,Low Earth Orbit,46904,2020-080A,2020-11-07,492
-488.8554425116166,-77.75,Low Earth Orbit,45624,2020-034A,2020-05-30,495
-488.8554425116166,-77.75,Low Earth Orbit,45625,2020-034B,2020-05-30,495
-489.0588781652441,-113.25,Low Earth Orbit,44538,2019-060E,2019-09-18,502
-489.21209166861786,-75.48,Low Earth Orbit,45794,2020-039A,2020-06-16,495
-489.21209166861786,-75.48,Low Earth Orbit,45795,2020-039B,2020-06-16,495
-489.5234736401627,-66.35,Low Earth Orbit,46232,2020-058A,2020-08-22,494
-489.5234736401627,-66.35,Low Earth Orbit,46233,2020-058B,2020-08-22,494
-489.5234736401627,-66.35,Low Earth Orbit,46234,2020-058C,2020-08-22,494
-489.7025153975222,-105.79,Low Earth Orbit,44720,2019-074H,2019-11-11,501
-489.9644338236303,-5.90,Low Earth Orbit,49412,2021-104E,2021-11-13,490
-489.9926515459223,-2.68,Low Earth Orbit,49816,2021-117E,2021-12-07,490
-490.0330990380832,-113.47,Low Earth Orbit,44534,2019-060A,2019-09-18,503
-490.0330990380832,-113.47,Low Earth Orbit,44536,2019-060C,2019-09-18,503
-490.0330990380832,-113.47,Low Earth Orbit,44537,2019-060D,2019-09-18,503
-490.0383345816755,-133.89,Low Earth Orbit,44207,2019-024A,2019-04-28,508
-490.1995874717557,-68.77,Low Earth Orbit,46025,2020-054A,2020-08-05,495
-490.4063986757191,-160.49,Low Earth Orbit,43662,2018-083A,2018-10-29,516
-490.4063986757191,-160.49,Low Earth Orbit,43668,2018-083G,2018-10-29,516
-490.8327496713441,-234.56,Low Earth Orbit,42844,2017-042V,2017-07-13,544
-490.96436123959694,-5.92,Low Earth Orbit,49409,2021-104B,2021-11-13,491
-490.96436123959694,-5.92,Low Earth Orbit,49428,2021-104W,2021-11-13,491
-490.96436123959694,-5.92,Low Earth Orbit,49434,2021-104AC,2021-11-13,491
-491.1556509817798,-460.10,Low Earth Orbit,40019,2014-033K,2014-06-18,673
-491.27400742762984,-831.75,Low Earth Orbit,37781,2011-043A,2011-08-14,966
-491.42224564083,-102.51,Low Earth Orbit,44840,2019-087C,2019-12-07,502
-491.42224564083,-102.51,Low Earth Orbit,44841,2019-087D,2019-12-07,502
-491.42224564083,-102.51,Low Earth Orbit,44842,2019-087E,2019-12-07,502
-491.42224564083,-102.51,Low Earth Orbit,44843,2019-087F,2019-12-07,502
-491.9642886555635,-5.93,Low Earth Orbit,49425,2021-104T,2021-11-13,492
-491.9642886555635,-5.93,Low Earth Orbit,49427,2021-104V,2021-11-13,492
-491.9642886555635,-5.93,Low Earth Orbit,49430,2021-104Y,2021-11-13,492
-491.99262155223215,-2.69,Low Earth Orbit,49812,2021-117A,2021-12-07,492
-492.12421286376826,-657.16,Low Earth Orbit,38771,2012-049A,2012-09-16,821
-492.4011744170069,-102.71,Low Earth Orbit,44838,2019-087A,2019-12-07,503
-492.4011744170069,-102.71,Low Earth Orbit,44839,2019-087B,2019-12-07,503
-492.87218250118144,-600.67,Low Earth Orbit,39091,2013-009F,2013-02-25,777
-492.9322617544019,-134.68,Low Earth Orbit,44208,2019-024B,2019-04-28,511
-492.95192478760777,-6.88,Low Earth Orbit,49391,2021-101B,2021-11-06,493
-492.96421607153013,-5.94,Low Earth Orbit,49423,2021-104R,2021-11-13,493
-492.96421607153013,-5.94,Low Earth Orbit,49426,2021-104U,2021-11-13,493
-492.9926065553871,-2.70,Low Earth Orbit,49813,2021-117B,2021-12-07,493
-493.21758521606125,-41.97,Low Earth Orbit,49014,2021-013D,2021-02-20,495
-493.21758521606125,-41.97,Low Earth Orbit,49016,2021-013F,2021-02-20,495
-493.3450521005693,-462.15,Low Earth Orbit,40020,2014-033L,2014-06-18,676
-493.4264998438069,-214.42,Low Earth Orbit,43023,2017-074B,2017-11-21,538
-493.4264998438069,-214.42,Low Earth Orbit,43024,2017-074C,2017-11-21,538
-493.45636626896993,-50.17,Low Earth Orbit,47296,2020-102A,2020-12-22,496
-493.9641434874967,-5.95,Low Earth Orbit,49421,2021-104P,2021-11-13,494
-493.9641434874967,-5.95,Low Earth Orbit,49424,2021-104S,2021-11-13,494
-493.9641434874967,-5.95,Low Earth Orbit,49431,2021-104Z,2021-11-13,494
-494.0556842566164,-205.27,Low Earth Orbit,43159,2018-008E,2018-01-19,535
-494.1408367675938,-602.22,Low Earth Orbit,39089,2013-009D,2013-02-25,779
-494.25783984352506,-27.10,Low Earth Orbit,48840,2021-050A,2021-06-10,495
-494.25783984352506,-27.10,Low Earth Orbit,48841,2021-050B,2021-06-10,495
-494.25783984352506,-27.10,Low Earth Orbit,48842,2021-050C,2021-06-10,495
-494.34364947176937,-214.81,Low Earth Orbit,43022,2017-074A,2017-11-21,539
-494.57128303112177,-20.60,Low Earth Orbit,49049,2021-067A,2021-07-28,495
-494.7751639007999,-602.99,Low Earth Orbit,39088,2013-009C,2013-02-25,780
-494.92960530466195,-152.87,Low Earth Orbit,43911,2018-112C,2018-12-29,518
-494.9351147915836,-483.64,Low Earth Orbit,39634,2014-016A,2014-04-02,692
-494.96407090346327,-5.96,Low Earth Orbit,49416,2021-104J,2021-11-13,495
-494.96407090346327,-5.96,Low Earth Orbit,49418,2021-104L,2021-11-13,495
-494.96407090346327,-5.96,Low Earth Orbit,49419,2021-104M,2021-11-13,495
-494.96407090346327,-5.96,Low Earth Orbit,49420,2021-104N,2021-11-13,495
-494.96407090346327,-5.96,Low Earth Orbit,49422,2021-104Q,2021-11-13,495
-495.0531629091243,-104.68,Low Earth Orbit,44816,2019-081N,2019-11-27,506
-495.0531629091243,-104.68,Low Earth Orbit,44818,2019-081Q,2019-11-27,506
-495.21038354016656,-42.14,Low Earth Orbit,49013,2021-013C,2021-02-20,497
-495.21038354016656,-42.14,Low Earth Orbit,49015,2021-013E,2021-02-20,497
-495.88506786316515,-153.16,Low Earth Orbit,43910,2018-112B,2018-12-29,519
-495.9026213940243,-206.03,Low Earth Orbit,43155,2018-008A,2018-01-19,537
-495.9026213940243,-206.03,Low Earth Orbit,43158,2018-008D,2018-01-19,537
-495.9026213940243,-206.03,Low Earth Orbit,43160,2018-008F,2018-01-19,537
-495.9639983194299,-5.98,Low Earth Orbit,49408,2021-104A,2021-11-13,496
-495.9639983194299,-5.98,Low Earth Orbit,49414,2021-104G,2021-11-13,496
-495.9797489474977,-4.48,Low Earth Orbit,49501,2021-112A,2021-11-24,496
-496.0315288437273,-104.89,Low Earth Orbit,44808,2019-081E,2019-11-27,507
-496.0315288437273,-104.89,Low Earth Orbit,44809,2019-081F,2019-11-27,507
-694.5138221818067,-178.16,Low Earth Orbit,44350,2019-036M,2019-06-24,717
-694.5138221818067,-178.16,Low Earth Orbit,44351,2019-036N,2019-06-24,717
-694.5138221818067,-178.16,Low Earth Orbit,44358,2019-036V,2019-06-24,717
-695.923909603963,-10.29,Low Earth Orbit,49383,2021-099A,2021-11-03,696
-695.923909603963,-10.29,Low Earth Orbit,49384,2021-099B,2021-11-03,696
-708.080215329354,-1223.94,Low Earth Orbit,37739,2011-033A,2011-07-12,1414
-708.080215329354,-1223.94,Low Earth Orbit,37740,2011-033B,2011-07-12,1414
-708.080215329354,-1223.94,Low Earth Orbit,37741,2011-033C,2011-07-12,1414
-708.080215329354,-1223.94,Low Earth Orbit,37742,2011-033D,2011-07-12,1414
-708.080215329354,-1223.94,Low Earth Orbit,37743,2011-033E,2011-07-12,1414
-708.080215329354,-1223.94,Low Earth Orbit,37744,2011-033F,2011-07-12,1414
-712.180438622244,-776.99,Geostationary Transfer Orbit,39253,2013-049A,2013-09-13,1054
-719.0571506203045,-202.40,Low Earth Orbit,44078,2019-018A,2019-03-31,747
-720.0712554158358,-398.53,Low Earth Orbit,41877,2016-074A,2016-12-07,823
-721.5759103538026,-168.55,Low Earth Orbit,44529,2019-059B,2019-09-11,741
-729.1204791376219,-309.27,Low Earth Orbit,43065,2017-082A,2017-12-23,792
-733.2613501975887,-171.28,Low Earth Orbit,44528,2019-059A,2019-09-11,753
-735.821538856196,-252.69,Low Earth Orbit,43609,2018-068A,2018-09-06,778
-735.8563554990305,-321.44,Low Earth Orbit,43011,2017-072B,2017-11-14,803
-736.3325585140453,-809.10,Low Earth Orbit,39239,2013-046A,2013-08-31,1094
-737.6786875058443,-810.58,Low Earth Orbit,39240,2013-046B,2013-08-31,1096
-740.4382755208178,-323.44,Low Earth Orbit,43010,2017-072A,2017-11-14,808
-740.9659676474961,-7.10,Low Earth Orbit,49495,2021-109A,2021-11-22,741
-743.7121693445824,-774.83,Low Earth Orbit,39462,2013-072A,2013-12-06,1074
-746.612593269275,-334.21,Low Earth Orbit,42969,2017-064A,2017-10-12,818
-749.9603273109053,-326.62,Low Earth Orbit,43013,2017-073A,2017-11-18,818
-750.4112775288775,-246.95,Low Earth Orbit,43656,2018-081B,2018-10-23,790
-754.9069689841776,-290.85,Low Earth Orbit,43437,2018-039A,2018-04-24,809
-760.3924544649536,-63.03,Low Earth Orbit,47699,2021-015A,2021-02-28,763
-763.7206902461656,-238.18,Low Earth Orbit,43866,2018-106A,2018-12-19,800
-763.9428949708335,-1189.87,Low Earth Orbit,38040,2011-080A,2011-12-28,1414
-763.9428949708335,-1189.87,Low Earth Orbit,38041,2011-080B,2011-12-28,1414
-763.9428949708335,-1189.87,Low Earth Orbit,38042,2011-080C,2011-12-28,1414
-763.9428949708335,-1189.87,Low Earth Orbit,38043,2011-080D,2011-12-28,1414
-763.9428949708335,-1189.87,Low Earth Orbit,38044,2011-080E,2011-12-28,1414
-763.9428949708335,-1189.87,Low Earth Orbit,38045,2011-080F,2011-12-28,1414
-764.0787260305611,-175.61,Low Earth Orbit,44547,2019-063A,2019-09-24,784
-768.6742469839872,-120.10,Low Earth Orbit,45721,2020-036A,2020-06-09,778
-786.6123328791742,-255.28,Low Earth Orbit,43689,2018-087A,2018-11-07,827
-789.0226509209876,-200.10,Low Earth Orbit,44387,2019-038A,2019-07-04,814
-800.0593349118734,-38.81,Low Earth Orbit,49008,2021-062A,2021-07-03,801
-805.70317166393,-501.44,Low Earth Orbit,41579,2016-034A,2016-06-03,949
-805.8114239242498,-734.01,Low Earth Orbit,40109,2014-047A,2014-08-08,1090
-805.8114239242498,-734.01,Low Earth Orbit,40110,2014-047B,2014-08-08,1090
-806.5507004599601,-734.68,Low Earth Orbit,40111,2014-047C,2014-08-08,1091
-828.7421663668995,-704.93,Low Earth Orbit,40339,2014-080B,2014-12-10,1088
-829.9194881023527,-872.27,Low Earth Orbit,39410,2013-065A,2013-11-20,1204
-832.5507241167473,-708.17,Low Earth Orbit,40338,2014-080A,2014-12-10,1093
-1198.9926958091255,-214.34,Low Earth Orbit,45455,2020-020AH,2020-03-21,1218
-1198.9926958091255,-214.34,Low Earth Orbit,45456,2020-020AJ,2020-03-21,1218
-1198.9926958091255,-214.34,Low Earth Orbit,45457,2020-020AK,2020-03-21,1218
-1199.5413836138432,-59.17,Low Earth Orbit,48967,2021-060A,2021-06-30,1201
-1199.5413836138432,-59.17,Low Earth Orbit,48968,2021-060B,2021-06-30,1201
-1199.5413836138432,-59.17,Low Earth Orbit,48969,2021-060C,2021-06-30,1201
-1199.5413836138432,-59.17,Low Earth Orbit,48970,2021-060D,2021-06-30,1201
-1199.5413836138432,-59.17,Low Earth Orbit,48971,2021-060E,2021-06-30,1201
-1199.5413836138432,-59.17,Low Earth Orbit,48972,2021-060F,2021-06-30,1201
-1199.5413836138432,-59.17,Low Earth Orbit,48973,2021-060G,2021-06-30,1201
-1199.5413836138432,-59.17,Low Earth Orbit,48974,2021-060H,2021-06-30,1201
-1199.5413836138432,-59.17,Low Earth Orbit,48975,2021-060J,2021-06-30,1201
-1199.5413836138432,-59.17,Low Earth Orbit,48976,2021-060K,2021-06-30,1201
-1199.5413836138432,-59.17,Low Earth Orbit,48977,2021-060L,2021-06-30,1201
-1199.5413836138432,-59.17,Low Earth Orbit,48978,2021-060M,2021-06-30,1201
-1199.5413836138432,-59.17,Low Earth Orbit,48979,2021-060N,2021-06-30,1201
-1199.5413836138432,-59.17,Low Earth Orbit,48980,2021-060P,2021-06-30,1201
-1199.5413836138432,-59.17,Low Earth Orbit,48981,2021-060Q,2021-06-30,1201
-1199.5413836138432,-59.17,Low Earth Orbit,48982,2021-060R,2021-06-30,1201
-1199.5413836138432,-59.17,Low Earth Orbit,48983,2021-060S,2021-06-30,1201
-1199.5413836138432,-59.17,Low Earth Orbit,48984,2021-060T,2021-06-30,1201
-1199.5413836138432,-59.17,Low Earth Orbit,48985,2021-060U,2021-06-30,1201
-1199.5413836138432,-59.17,Low Earth Orbit,48986,2021-060V,2021-06-30,1201
-1199.5413836138432,-59.17,Low Earth Orbit,48987,2021-060W,2021-06-30,1201
-1199.5413836138432,-59.17,Low Earth Orbit,48988,2021-060X,2021-06-30,1201
-1199.5413836138432,-59.17,Low Earth Orbit,48989,2021-060Y,2021-06-30,1201
-1199.5413836138432,-59.17,Low Earth Orbit,48990,2021-060Z,2021-06-30,1201
-1199.5413836138432,-59.17,Low Earth Orbit,48991,2021-060AA,2021-06-30,1201
-1199.5413836138432,-59.17,Low Earth Orbit,48992,2021-060AB,2021-06-30,1201
-1199.5413836138432,-59.17,Low Earth Orbit,48993,2021-060AC,2021-06-30,1201
-1199.5413836138432,-59.17,Low Earth Orbit,48994,2021-060AD,2021-06-30,1201
-1199.5413836138432,-59.17,Low Earth Orbit,48995,2021-060AE,2021-06-30,1201
-1199.5413836138432,-59.17,Low Earth Orbit,48996,2021-060AF,2021-06-30,1201
-1199.5413836138432,-59.17,Low Earth Orbit,48997,2021-060AG,2021-06-30,1201
-1199.5413836138432,-59.17,Low Earth Orbit,48998,2021-060AH,2021-06-30,1201
-1199.5413836138432,-59.17,Low Earth Orbit,48999,2021-060AJ,2021-06-30,1201
-1200.2507646389295,-42.42,Low Earth Orbit,49102,2021-075AD,2021-08-20,1201
-1200.2507646389295,-42.42,Low Earth Orbit,49103,2021-075AE,2021-08-20,1201
-1200.2507646389295,-42.42,Low Earth Orbit,49104,2021-075AF,2021-08-20,1201
-1200.2507646389295,-42.42,Low Earth Orbit,49105,2021-075AG,2021-08-20,1201
-1200.2507646389295,-42.42,Low Earth Orbit,49106,2021-075AH,2021-08-20,1201
-1200.2507646389295,-42.42,Low Earth Orbit,49107,2021-075AJ,2021-08-20,1201
-1200.2507646389295,-42.42,Low Earth Orbit,49108,2021-075AK,2021-08-20,1201
-1200.5035989578228,-34.53,Low Earth Orbit,49186,2021-083A,2021-09-13,1201
-1200.5035989578228,-34.53,Low Earth Orbit,49187,2021-083B,2021-09-13,1201
-1200.5035989578228,-34.53,Low Earth Orbit,49188,2021-083C,2021-09-13,1201
-1200.5035989578228,-34.53,Low Earth Orbit,49189,2021-083D,2021-09-13,1201
-1200.5035989578228,-34.53,Low Earth Orbit,49190,2021-083E,2021-09-13,1201
-1200.5035989578228,-34.53,Low Earth Orbit,49191,2021-083F,2021-09-13,1201
-1200.5035989578228,-34.53,Low Earth Orbit,49192,2021-083G,2021-09-13,1201
-1200.5035989578228,-34.53,Low Earth Orbit,49193,2021-083H,2021-09-13,1201
-1200.5035989578228,-34.53,Low Earth Orbit,49194,2021-083J,2021-09-13,1201
-1200.5035989578228,-34.53,Low Earth Orbit,49195,2021-083K,2021-09-13,1201
-1200.5035989578228,-34.53,Low Earth Orbit,49196,2021-083L,2021-09-13,1201
-1200.5035989578228,-34.53,Low Earth Orbit,49197,2021-083M,2021-09-13,1201
-1200.5035989578228,-34.53,Low Earth Orbit,49198,2021-083N,2021-09-13,1201
-1200.5035989578228,-34.53,Low Earth Orbit,49199,2021-083P,2021-09-13,1201
-1200.5035989578228,-34.53,Low Earth Orbit,49200,2021-083Q,2021-09-13,1201
-1200.5035989578228,-34.53,Low Earth Orbit,49201,2021-083R,2021-09-13,1201
-1200.5035989578228,-34.53,Low Earth Orbit,49202,2021-083S,2021-09-13,1201
-1200.5035989578228,-34.53,Low Earth Orbit,49203,2021-083T,2021-09-13,1201
-1200.5035989578228,-34.53,Low Earth Orbit,49204,2021-083U,2021-09-13,1201
-1200.5035989578228,-34.53,Low Earth Orbit,49205,2021-083V,2021-09-13,1201
-1200.5035989578228,-34.53,Low Earth Orbit,49206,2021-083W,2021-09-13,1201
-1200.5035989578228,-34.53,Low Earth Orbit,49207,2021-083X,2021-09-13,1201
-1200.5035989578228,-34.53,Low Earth Orbit,49208,2021-083Y,2021-09-13,1201
-1200.5035989578228,-34.53,Low Earth Orbit,49209,2021-083Z,2021-09-13,1201
-1200.5035989578228,-34.53,Low Earth Orbit,49210,2021-083AA,2021-09-13,1201
-1200.5035989578228,-34.53,Low Earth Orbit,49211,2021-083AB,2021-09-13,1201
-1200.5035989578228,-34.53,Low Earth Orbit,49212,2021-083AC,2021-09-13,1201
-1200.5035989578228,-34.53,Low Earth Orbit,49213,2021-083AD,2021-09-13,1201
-1200.5035989578228,-34.53,Low Earth Orbit,49214,2021-083AE,2021-09-13,1201
-1200.5035989578228,-34.53,Low Earth Orbit,49215,2021-083AF,2021-09-13,1201
-1200.7467256159757,-24.66,Low Earth Orbit,49308,2021-090AF,2021-10-13,1201
-1200.7467256159757,-24.66,Low Earth Orbit,49309,2021-090AG,2021-10-13,1201
-1200.7467256159757,-24.66,Low Earth Orbit,49310,2021-090AH,2021-10-13,1201
-1200.7467256159757,-24.66,Low Earth Orbit,49311,2021-090AJ,2021-10-13,1201
-1200.7467256159757,-24.66,Low Earth Orbit,49312,2021-090AK,2021-10-13,1201
-1200.7467256159757,-24.66,Low Earth Orbit,49313,2021-090AL,2021-10-13,1201
-1200.7467256159757,-24.66,Low Earth Orbit,49314,2021-090AM,2021-10-13,1201
-1201,0.00,Low Earth Orbit,50469,2021-132A,2021-12-27,1201
-1201,0.00,Low Earth Orbit,50470,2021-132B,2021-12-27,1201
-1201,0.00,Low Earth Orbit,50471,2021-132C,2021-12-27,1201
-1201,0.00,Low Earth Orbit,50472,2021-132D,2021-12-27,1201
-1201,0.00,Low Earth Orbit,50473,2021-132E,2021-12-27,1201
-1201,0.00,Low Earth Orbit,50474,2021-132F,2021-12-27,1201
-1201,0.00,Low Earth Orbit,50475,2021-132G,2021-12-27,1201
-1201,0.00,Low Earth Orbit,50476,2021-132H,2021-12-27,1201
-1201,0.00,Low Earth Orbit,50477,2021-132J,2021-12-27,1201
-1201,0.00,Low Earth Orbit,50478,2021-132K,2021-12-27,1201
-1201,0.00,Low Earth Orbit,50479,2021-132L,2021-12-27,1201
-1201,0.00,Low Earth Orbit,50480,2021-132M,2021-12-27,1201
-1201,0.00,Low Earth Orbit,50481,2021-132N,2021-12-27,1201
-1201,0.00,Low Earth Orbit,50482,2021-132P,2021-12-27,1201
-1201,0.00,Low Earth Orbit,50483,2021-132Q,2021-12-27,1201
-1201,0.00,Low Earth Orbit,50484,2021-132R,2021-12-27,1201
-1201,0.00,Low Earth Orbit,50485,2021-132S,2021-12-27,1201
-1201,0.00,Low Earth Orbit,50486,2021-132T,2021-12-27,1201
-1201,0.00,Low Earth Orbit,50487,2021-132U,2021-12-27,1201
-1201,0.00,Low Earth Orbit,50488,2021-132V,2021-12-27,1201
-1201,0.00,Low Earth Orbit,50489,2021-132W,2021-12-27,1201
-1201,0.00,Low Earth Orbit,50490,2021-132X,2021-12-27,1201
-1201,0.00,Low Earth Orbit,50491,2021-132Y,2021-12-27,1201
-1201,0.00,Low Earth Orbit,50492,2021-132Z,2021-12-27,1201
-1201,0.00,Low Earth Orbit,50493,2021-132AA,2021-12-27,1201
-1201,0.00,Low Earth Orbit,50494,2021-132AB,2021-12-27,1201
-1201,0.00,Low Earth Orbit,50495,2021-132AC,2021-12-27,1201
-1201,0.00,Low Earth Orbit,50496,2021-132AD,2021-12-27,1201
-1201,0.00,Low Earth Orbit,50497,2021-132AE,2021-12-27,1201
-1201,0.00,Low Earth Orbit,50498,2021-132AF,2021-12-27,1201
-1201,0.00,Low Earth Orbit,50499,2021-132AG,2021-12-27,1201
-1201,0.00,Low Earth Orbit,50500,2021-132AH,2021-12-27,1201
-1201,0.00,Low Earth Orbit,50501,2021-132AJ,2021-12-27,1201
-1201,0.00,Low Earth Orbit,50502,2021-132AK,2021-12-27,1201
-1201,0.00,Low Earth Orbit,50503,2021-132AL,2021-12-27,1201
-1201,0.00,Low Earth Orbit,50504,2021-132AM,2021-12-27,1201
-1206.5681729176385,-20250.09,Medium Earth Orbit,29601,2006-052A,2006-11-17,20286
-1208.711252173945,-113.20,Low Earth Orbit,47346,2021-004A,2021-01-20,1214
-1210.5111469359238,-259.44,Low Earth Orbit,44786,2019-077B,2019-11-17,1238
-1211.6180725032498,-124.52,Low Earth Orbit,47258,2020-100A,2020-12-18,1218
-1211.6180725032498,-124.52,Low Earth Orbit,47259,2020-100B,2020-12-18,1218
-1211.6180725032498,-124.52,Low Earth Orbit,47260,2020-100C,2020-12-18,1218
-1211.6180725032498,-124.52,Low Earth Orbit,47261,2020-100D,2020-12-18,1218
-1211.6180725032498,-124.52,Low Earth Orbit,47262,2020-100E,2020-12-18,1218
-1214.4978109182991,-92.30,Low Earth Orbit,48060,2021-025U,2021-03-25,1218
-1214.4978109182991,-92.30,Low Earth Orbit,48061,2021-025V,2021-03-25,1218
-1214.4978109182991,-92.30,Low Earth Orbit,48062,2021-025W,2021-03-25,1218
-1214.4978109182991,-92.30,Low Earth Orbit,48063,2021-025X,2021-03-25,1218
-1214.4978109182991,-92.30,Low Earth Orbit,48064,2021-025Y,2021-03-25,1218
-1214.4978109182991,-92.30,Low Earth Orbit,48065,2021-025Z,2021-03-25,1218
-1214.4978109182991,-92.30,Low Earth Orbit,48066,2021-025AA,2021-03-25,1218
-1214.4978109182991,-92.30,Low Earth Orbit,48067,2021-025AB,2021-03-25,1218
-1214.4978109182991,-92.30,Low Earth Orbit,48068,2021-025AC,2021-03-25,1218
-1214.4978109182991,-92.30,Low Earth Orbit,48069,2021-025AD,2021-03-25,1218
-1214.4978109182991,-92.30,Low Earth Orbit,48070,2021-025AE,2021-03-25,1218
-1214.4978109182991,-92.30,Low Earth Orbit,48071,2021-025AF,2021-03-25,1218
-1214.4978109182991,-92.30,Low Earth Orbit,48072,2021-025AG,2021-03-25,1218
-1214.4978109182991,-92.30,Low Earth Orbit,48073,2021-025AH,2021-03-25,1218
-1214.4978109182991,-92.30,Low Earth Orbit,48074,2021-025AJ,2021-03-25,1218
-1214.4978109182991,-92.30,Low Earth Orbit,48075,2021-025AK,2021-03-25,1218
-1214.4978109182991,-92.30,Low Earth Orbit,48076,2021-025AL,2021-03-25,1218
-1214.4978109182991,-92.30,Low Earth Orbit,48077,2021-025AM,2021-03-25,1218
-1215.1009066223037,-879.51,Low Earth Orbit,40921,2015-050B,2015-09-22,1500
-1215.2150550019967,-82.32,Low Earth Orbit,48210,2021-031A,2021-04-24,1218
-1215.2150550019967,-82.32,Low Earth Orbit,48211,2021-031B,2021-04-24,1218
-1215.2150550019967,-82.32,Low Earth Orbit,48212,2021-031C,2021-04-24,1218
-1215.2150550019967,-82.32,Low Earth Orbit,48213,2021-031D,2021-04-24,1218
-1215.2150550019967,-82.32,Low Earth Orbit,48214,2021-031E,2021-04-24,1218
-1215.2150550019967,-82.32,Low Earth Orbit,48238,2021-031AE,2021-04-24,1218
-1215.2150550019967,-82.32,Low Earth Orbit,48239,2021-031AF,2021-04-24,1218
-1215.2150550019967,-82.32,Low Earth Orbit,48240,2021-031AG,2021-04-24,1218
-1215.2150550019967,-82.32,Low Earth Orbit,48241,2021-031AH,2021-04-24,1218
-1215.2150550019967,-82.32,Low Earth Orbit,48242,2021-031AJ,2021-04-24,1218
-1215.2150550019967,-82.32,Low Earth Orbit,48243,2021-031AK,2021-04-24,1218
-1215.2150550019967,-82.32,Low Earth Orbit,48244,2021-031AL,2021-04-24,1218
-1215.2150550019967,-82.32,Low Earth Orbit,48245,2021-031AM,2021-04-24,1218
-1216.7210411644667,-880.68,Low Earth Orbit,40920,2015-050A,2015-09-22,1502
-1217.5311084355483,-881.26,Low Earth Orbit,40922,2015-050C,2015-09-22,1503
-1267.1217177989372,-35763.56,Geosynchronous Equatorial Orbit,29349,2006-034A,2006-08-21,35786
-1310.0620431764107,-144.43,Low Earth Orbit,46984,2020-086A,2020-11-21,1318
-1336.4541826113173,-19083.26,Medium Earth Orbit,29670,2006-062A,2006-12-25,19130
-1336.4541826113173,-19083.26,Medium Earth Orbit,29671,2006-062B,2006-12-25,19130
-1426.774120273485,-453.13,Low Earth Orbit,43751,2018-097A,2018-11-30,1497
-1426.774120273485,-453.13,Low Earth Orbit,43752,2018-097B,2018-11-30,1497
-1426.774120273485,-453.13,Low Earth Orbit,43753,2018-097C,2018-11-30,1497
-1471.9268791339753,-299.06,Low Earth Orbit,44905,2019-096A,2019-12-26,1502
-1472.9068570827997,-299.26,Low Earth Orbit,44906,2019-096B,2019-12-26,1503
-1473.8868350316238,-299.46,Low Earth Orbit,44907,2019-096C,2019-12-26,1504
-1482.3679324296927,-186.07,Low Earth Orbit,46488,2020-068C,2020-09-27,1494
-1484.3523607194245,-186.32,Low Earth Orbit,46486,2020-068A,2020-09-27,1496
-1484.3523607194245,-186.32,Low Earth Orbit,46487,2020-068B,2020-09-27,1496
-1486.526346447617,-158.95,Low Earth Orbit,47229,2020-091C,2020-12-03,1495
-1486.526346447617,-158.95,Low Earth Orbit,47230,2020-091D,2020-12-03,1495
-1487.5206784519298,-159.05,Low Earth Orbit,47228,2020-091B,2020-12-03,1496
-1488.5150104562426,-159.16,Low Earth Orbit,47227,2020-091A,2020-12-03,1497
-1776.224341974593,-35741.89,Geosynchronous Equatorial Orbit,29494,2006-043A,2006-10-12,35786
-1776.224341974593,-35741.89,Geosynchronous Equatorial Orbit,29495,2006-043B,2006-10-12,35786
-1952.373505311224,-35732.70,Geosynchronous Equatorial Orbit,29520,2006-049A,2006-10-30,35786
-2040.4305671361033,-35727.78,Geosynchronous Equatorial Orbit,29526,2006-051A,2006-11-08,35786
-2333.861597561415,-35709.81,Geosynchronous Equatorial Orbit,29643,2006-054A,2006-12-08,35786
-2333.926814730072,-35710.81,Geosynchronous Equatorial Orbit,29644,2006-054B,2006-12-08,35787
-2499.34787038425,-8578.31,Geostationary Transfer Orbit,33752,2009-008D,2009-02-12,8935
-2918.428823420345,-18905.06,Medium Earth Orbit,32275,2007-052A,2007-10-25,19129
-2919.039086125854,-18909.02,Medium Earth Orbit,32276,2007-052B,2007-10-25,19133
-3029.764875877952,-19952.28,Medium Earth Orbit,32260,2007-047A,2007-10-16,20181
-3240.1197748945633,-5341.03,Geostationary Transfer Orbit,37818,2011-052A,2011-09-26,6247
-3242.4088375954034,-35638.81,Geosynchronous Equatorial Orbit,30793,2007-007A,2007-03-11,35786
-3242.4994431069886,-35639.80,Geosynchronous Equatorial Orbit,30794,2007-007B,2007-03-11,35787
-3255.2630228248213,-18978.85,Medium Earth Orbit,32395,2007-065C,2007-12-25,19256
-3255.939230349297,-18982.79,Medium Earth Orbit,32393,2007-065A,2007-12-25,19260
-3330.237235899947,-19906.36,Geostationary Transfer Orbit,32378,2007-060A,2007-12-10,20183
-3392.784526475224,-19944.48,Medium Earth Orbit,32384,2007-062A,2007-12-20,20231
-3515.5649550298813,-35612.90,Geosynchronous Equatorial Orbit,31102,2007-009A,2007-04-08,35786
-3682.1647811393373,-18992.35,Geostationary Transfer Orbit,32706,2008-010A,2008-03-13,19346
-3711.0856727335486,-43706.73,Geostationary Transfer Orbit,30797,2007-004D,2007-02-17,43864
-3712.6931555846777,-43725.66,Geostationary Transfer Orbit,30580,2007-004A,2007-02-17,43883
-3722.591865773211,-43842.24,Geostationary Transfer Orbit,30798,2007-004E,2007-02-17,44000
-3759.1751385813923,-35587.00,Geosynchronous Equatorial Orbit,31306,2007-016A,2007-05-03,35785
-3759.3852363954807,-35588.99,Geosynchronous Equatorial Orbit,31307,2007-016B,2007-05-03,35787
-3844.879726159659,-19773.66,Medium Earth Orbit,32711,2008-012A,2008-03-15,20144
-4363.03133810491,-35520.04,Geosynchronous Equatorial Orbit,31800,2007-031A,2007-07-04,35787
-4382.483788829637,-35517.65,Geosynchronous Equatorial Orbit,31862,2007-032A,2007-07-06,35787
-4417.146303440145,-15160.62,Geostationary Transfer Orbit,33751,2009-008C,2009-02-12,15791
-4751.691173256788,-35469.13,Geosynchronous Equatorial Orbit,32018,2007-036A,2007-08-13,35786
-4751.691173256788,-35469.13,Geosynchronous Equatorial Orbit,32019,2007-036B,2007-08-13,35786
-5256.395098025116,-35398.87,Geosynchronous Equatorial Orbit,32252,2007-044A,2007-10-04,35787
-5256.395098025116,-35398.87,Geosynchronous Equatorial Orbit,32253,2007-044B,2007-10-04,35787
-5314.548203975584,-35390.18,Geosynchronous Equatorial Orbit,32258,2007-046A,2007-10-10,35787
-5316.922428747039,-6065.53,Medium Earth Orbit,39188,2013-031A,2013-06-24,8066
-5316.922428747039,-6065.53,Medium Earth Orbit,39189,2013-031B,2013-06-24,8066
-5316.922428747039,-6065.53,Medium Earth Orbit,39190,2013-031C,2013-06-24,8066
-5316.922428747039,-6065.53,Medium Earth Orbit,39191,2013-031D,2013-06-24,8066
-5646.216795883057,-35292.20,Geosynchronous Equatorial Orbit,32293,2007-056A,2007-11-14,35741
-5647.954530830449,-35303.06,Geosynchronous Equatorial Orbit,32294,2007-056B,2007-11-14,35752
-5682.35279102929,-35331.98,Geosynchronous Equatorial Orbit,32299,2007-057A,2007-11-17,35786
-5744.291264656171,-5319.43,Medium Earth Orbit,40082,2014-038D,2014-07-09,7829
-5749.427302317761,-5324.19,Medium Earth Orbit,40081,2014-038C,2014-07-09,7836
-5750.894741649645,-5325.55,Medium Earth Orbit,40080,2014-038B,2014-07-09,7838
-5918.182825484311,-5480.46,Medium Earth Orbit,40079,2014-038A,2014-07-09,8066
-6011.221607522348,-35278.53,Geosynchronous Equatorial Orbit,32388,2007-063B,2007-12-21,35787
-6155.39921616914,-5212.62,Medium Earth Orbit,40348,2014-083A,2014-12-18,8066
-6155.39921616914,-5212.62,Medium Earth Orbit,40349,2014-083B,2014-12-18,8066
-6155.39921616914,-5212.62,Medium Earth Orbit,40350,2014-083C,2014-12-18,8066
-6155.39921616914,-5212.62,Medium Earth Orbit,40351,2014-083D,2014-12-18,8066
-6252.589336618743,-35236.55,Geosynchronous Equatorial Orbit,32404,2008-001A,2008-01-15,35787
-6377.985465778202,-35214.07,Geosynchronous Equatorial Orbit,32478,2008-003A,2008-01-28,35787
-6512.755024721879,-35188.38,Geosynchronous Equatorial Orbit,32487,2008-006A,2008-02-11,35786
-6620.330017443493,-19068.44,Medium Earth Orbit,35752,2009-043A,2009-08-16,20185
-6816.926540292254,-17731.77,Medium Earth Orbit,36112,2009-070B,2009-12-14,18997
-6868.936741739516,-35120.59,Geosynchronous Equatorial Orbit,32729,2008-013A,2008-03-19,35786
-6917.043532698504,-17992.18,Medium Earth Orbit,36111,2009-070A,2009-12-14,19276
-7109.203128255187,-35072.74,Geosynchronous Equatorial Orbit,32763,2008-016A,2008-04-13,35786
-7147.615123978129,-35064.93,Geosynchronous Equatorial Orbit,32768,2008-018B,2008-04-17,35786
-7147.81485613942,-35065.91,Geosynchronous Equatorial Orbit,32767,2008-018A,2008-04-17,35787
-7215.823504328165,-35056.06,Geosynchronous Equatorial Orbit,32779,2008-019A,2008-04-24,35791
-7240.349738775272,-17709.06,Medium Earth Orbit,36401,2010-007B,2010-03-01,19132
-7240.349738775272,-17709.06,Medium Earth Orbit,36402,2010-007C,2010-03-01,19132
-7240.728180639101,-17709.98,Medium Earth Orbit,36400,2010-007A,2010-03-01,19133
-7243.607495323505,-35045.23,Geosynchronous Equatorial Orbit,32794,2008-022A,2008-04-27,35786
-7464.182638238489,-34998.91,Geosynchronous Equatorial Orbit,32951,2008-024A,2008-05-20,35786
-7489.55001075892,-2994.49,Medium Earth Orbit,43231,2018-024A,2018-03-09,8066
-7489.55001075892,-2994.49,Medium Earth Orbit,43232,2018-024B,2018-03-09,8066
-7489.55001075892,-2994.49,Medium Earth Orbit,43233,2018-024C,2018-03-09,8066
-7489.55001075892,-2994.49,Medium Earth Orbit,43234,2018-024D,2018-03-09,8066
-7533.068481088971,-2113.73,Medium Earth Orbit,44112,2019-020A,2019-04-03,7824
-7537.882558594779,-2115.08,Medium Earth Orbit,44113,2019-020B,2019-04-03,7829
-7542.696636100587,-2116.43,Medium Earth Orbit,44115,2019-020D,2019-04-03,7834
-7547.510713606396,-2117.78,Medium Earth Orbit,44114,2019-020C,2019-04-03,7839
-7646.17395043725,-34959.60,Geosynchronous Equatorial Orbit,33051,2008-028A,2008-06-08,35786
-7674.890626812266,-34953.31,Geosynchronous Equatorial Orbit,33056,2008-030B,2008-06-11,35786
-7675.105093101509,-34954.29,Geosynchronous Equatorial Orbit,33055,2008-030A,2008-06-11,35787
-7913.992997865887,-34899.95,Geosynchronous Equatorial Orbit,33153,2008-034A,2008-07-06,35786
-7914.214145605168,-34900.93,Geosynchronous Equatorial Orbit,33154,2008-034B,2008-07-06,35787
-7999.979642272267,-34880.34,Geosynchronous Equatorial Orbit,33207,2008-035A,2008-07-15,35786
-8073.807663941913,-17216.91,Medium Earth Orbit,37139,2010-041C,2010-09-01,19016
-8090.158631545182,-18515.72,Medium Earth Orbit,36585,2010-022A,2010-05-27,20206
-8276.714558758249,-34815.71,Geosynchronous Equatorial Orbit,33274,2008-038A,2008-08-13,35786
-8276.714558758249,-34815.71,Geosynchronous Equatorial Orbit,33275,2008-038B,2008-08-13,35786
-8315.076673299622,-34807.60,Geosynchronous Equatorial Orbit,33278,2008-039A,2008-08-17,35787
-8619.760344026516,-34733.40,Geosynchronous Equatorial Orbit,33373,2008-044A,2008-09-18,35787
-8667.065782955522,-34720.60,Geosynchronous Equatorial Orbit,33376,2008-045A,2008-09-23,35786
-8736.15085391592,-2240.99,Medium Earth Orbit,44344,2019-036F,2019-06-24,9019
-8876.523512827167,-18121.79,Geostationary Transfer Orbit,37212,2010-058A,2010-11-02,20179
-8956.918755997745,-16904.70,Medium Earth Orbit,37372,2011-009A,2011-02-26,19131
-9085.9351212694,-34656.77,Geosynchronous Equatorial Orbit,33436,2008-057A,2008-11-05,35828
-9267.266612471305,-12502.99,Geostationary Transfer Orbit,38752,2012-046A,2012-08-29,15563
-9304.781088895239,-12553.60,Geostationary Transfer Orbit,38753,2012-046B,2012-08-29,15626
-9406.365445536288,-34526.61,Geosynchronous Equatorial Orbit,33453,2008-063A,2008-12-10,35785
-9501.140737851745,-34501.68,Geosynchronous Equatorial Orbit,33460,2008-065B,2008-12-20,35786
-9501.406236670775,-34502.65,Geosynchronous Equatorial Orbit,33459,2008-065A,2008-12-20,35787
-9768.758538065402,-17657.97,Geostationary Transfer Orbit,37398,2011-018A,2011-05-03,20180
-9785.747239861941,-34463.62,Geosynchronous Equatorial Orbit,33490,2009-001A,2009-01-18,35826
-10010.258857254703,-34357.42,Geosynchronous Equatorial Orbit,33750,2009-008B,2009-02-12,35786
-10010.818308372865,-34359.34,Geosynchronous Equatorial Orbit,33749,2009-008A,2009-02-12,35788
-10058.14013475427,-34556.99,Geosynchronous Equatorial Orbit,33595,2009-007A,2009-02-11,35991
-10118.91636778568,-16285.31,Medium Earth Orbit,37867,2011-064A,2011-11-04,19173
-10119.971905924498,-16287.01,Medium Earth Orbit,37868,2011-064B,2011-11-04,19175
-10120.499674993907,-16287.86,Medium Earth Orbit,37869,2011-064C,2011-11-04,19176
-10142.466442601059,-34320.71,Geosynchronous Equatorial Orbit,34111,2009-009A,2009-02-26,35788
-10259.17247571606,-17699.69,Medium Earth Orbit,37753,2011-036A,2011-07-15,20458
-10475.026550398225,-34235.32,Geosynchronous Equatorial Orbit,34710,2009-016A,2009-04-02,35802
-10480.00825127001,-34218.11,Geosynchronous Equatorial Orbit,34713,2009-017A,2009-04-03,35787
-10632.204075931693,-34179.50,Geosynchronous Equatorial Orbit,34810,2009-020A,2009-04-19,35795
-10872.848175482575,-34095.32,Geosynchronous Equatorial Orbit,34941,2009-027A,2009-05-15,35787
-10980.769752853965,-1234.99,Medium Earth Orbit,46918,2020-083A,2020-11-13,11050
-11070.044157753384,-33382.38,Geosynchronous Equatorial Orbit,35491,2009-033A,2009-06-26,35170
-11199.34266548736,-33958.94,Geosynchronous Equatorial Orbit,35362,2009-032A,2009-06-20,35758
-11291.835266764627,-33957.80,Geosynchronous Equatorial Orbit,35493,2009-034A,2009-06-29,35786
-11301.449401297565,-33955.66,Geosynchronous Equatorial Orbit,35496,2009-035A,2009-06-30,35787
-11681.954231903195,-33826.64,Geosynchronous Equatorial Orbit,35696,2009-042A,2009-08-10,35787
-11773.880714885154,-33792.63,Geosynchronous Equatorial Orbit,35756,2009-044B,2009-08-20,35785
-11774.538749297053,-33794.52,Geosynchronous Equatorial Orbit,35755,2009-044A,2009-08-20,35787
-11866.703374220826,-33761.21,Geosynchronous Equatorial Orbit,35812,2009-046A,2009-08-30,35786
-11940.967922106875,-33736.07,Geosynchronous Equatorial Orbit,35815,2009-047A,2009-09-07,35787
-11994.842842098236,-33624.60,Geosynchronous Equatorial Orbit,35873,2009-050A,2009-09-16,35700
-12152.86510447438,-33659.26,Geosynchronous Equatorial Orbit,35942,2009-054A,2009-09-30,35786
-12152.86510447438,-33659.26,Geosynchronous Equatorial Orbit,35943,2009-054B,2009-09-30,35786
-12173.177008398974,-16098.67,Medium Earth Orbit,38833,2012-053A,2012-10-03,20183
-12201.470061390228,-19818.09,Medium Earth Orbit,37846,2011-060A,2011-10-20,23273
-12202.518612935915,-19819.79,Medium Earth Orbit,37847,2011-060B,2011-10-20,23275
-12229.546663853576,-17717.02,Medium Earth Orbit,38250,2012-018A,2012-04-28,21528
-12229.546663853576,-17717.02,Medium Earth Orbit,38251,2012-018B,2012-04-28,21528
-12353.844688139025,-15952.86,Geostationary Transfer Orbit,38995,2012-063A,2012-11-14,20177
-12372.012709620447,-14590.76,Medium Earth Orbit,39155,2013-019A,2013-04-25,19130
-12419.772383298452,-33561.69,Geosynchronous Equatorial Orbit,36032,2009-058A,2009-10-29,35786
-12420.119440035256,-33562.63,Geosynchronous Equatorial Orbit,36033,2009-058B,2009-10-29,35787
-12649.23686786323,-33475.88,Geosynchronous Equatorial Orbit,36097,2009-064A,2009-11-23,35786
-12658.756913344778,-33473.35,Geosynchronous Equatorial Orbit,36101,2009-065A,2009-11-24,35787
-12713.736415582542,-33452.51,Geosynchronous Equatorial Orbit,36106,2009-067A,2009-11-30,35787
-12768.324801227154,-33430.64,Geosynchronous Equatorial Orbit,36108,2009-068A,2009-12-06,35786
-12907.84291704418,-17226.62,Medium Earth Orbit,38775,2012-050B,2012-09-17,21526
-12978.621516796045,-33349.56,Geosynchronous Equatorial Orbit,36131,2009-075A,2009-12-29,35786
-13154.41070518773,-15350.83,Medium Earth Orbit,39166,2013-023A,2013-05-14,20216
-13252.146624429055,-33241.82,Geosynchronous Equatorial Orbit,36358,2010-002A,2010-01-28,35786
-13379.112861312864,-33189.84,Geosynchronous Equatorial Orbit,36395,2010-005A,2010-02-11,35785
-13388.949085078726,-33188.03,Geosynchronous Equatorial Orbit,36397,2010-006A,2010-02-12,35787
-13570.506826927396,-33114.21,Geosynchronous Equatorial Orbit,36411,2010-008A,2010-03-04,35787
-13715.460220090574,-33054.43,Geosynchronous Equatorial Orbit,36499,2010-010A,2010-03-20,35787
-13943.16154857821,-13097.52,Medium Earth Orbit,40001,2014-032A,2014-06-13,19130
-14022.608545015384,-32925.31,Geosynchronous Equatorial Orbit,36516,2010-016A,2010-04-23,35787
-14046.663142137184,-18491.96,Medium Earth Orbit,38858,2012-055B,2012-10-11,23222
-14047.872914175952,-18493.55,Medium Earth Orbit,38857,2012-055A,2012-10-11,23224
-14265.655863014066,-32820.73,Geosynchronous Equatorial Orbit,36581,2010-021A,2010-05-20,35787
-14265.655863014066,-32820.73,Geosynchronous Equatorial Orbit,36582,2010-021B,2010-05-20,35787
-14411.337349304174,-32835.67,Geosynchronous Equatorial Orbit,36592,2010-025A,2010-06-02,35859
-14478.10835027839,-14460.94,Medium Earth Orbit,39533,2014-008A,2014-02-21,20463
-14517.980500665257,-32520.54,Geosynchronous Equatorial Orbit,36745,2010-032B,2010-06-25,35614
-14545.906052645247,-12441.64,Medium Earth Orbit,40315,2014-075A,2014-11-30,19141
-14588.503627149648,-32678.51,Geosynchronous Equatorial Orbit,36744,2010-032A,2010-06-25,35787
-14602.825800799852,-13929.47,Medium Earth Orbit,39741,2014-026A,2014-05-16,20181
-14717.374703476271,-32630.55,Geosynchronous Equatorial Orbit,36792,2010-034A,2010-07-09,35796
-14732.513824702835,-13324.10,Geostationary Transfer Orbit,40129,2014-050B,2014-08-21,19864
-14754.069369244417,-8097.30,Geostationary Transfer Orbit,41896,2016-080A,2016-12-20,16830
-14898.942598132051,-32532.65,Geosynchronous Equatorial Orbit,36828,2010-036A,2010-07-30,35782
-14936.65456051099,-32520.85,Geosynchronous Equatorial Orbit,36831,2010-037B,2010-08-03,35787
-14943.749961844678,-32536.30,Geosynchronous Equatorial Orbit,36830,2010-037A,2010-08-03,35804
-15079.656222273356,-30914.22,Geosynchronous Equatorial Orbit,37207,2010-056B,2010-10-27,34396
-15109.492225980453,-13816.22,Medium Earth Orbit,40105,2014-045A,2014-08-01,20474
-15187.702835669104,-12897.26,Geostationary Transfer Orbit,40344,2014-081A,2014-12-13,19925
-15215.577245775301,-32400.13,Geosynchronous Equatorial Orbit,37150,2010-042A,2010-09-03,35795
-15222.213705773016,-13252.84,Medium Earth Orbit,40294,2014-068A,2014-10-29,20183
-15223.57902849504,-13246.70,Geostationary Transfer Orbit,40296,2014-069A,2014-10-30,20180
-15272.959874652037,-32360.95,Geosynchronous Equatorial Orbit,37158,2010-045A,2010-09-10,35784
-15566.066424678342,-32224.32,Geosynchronous Equatorial Orbit,37185,2010-053A,2010-10-13,35787
-15715.906530024271,-32151.51,Geosynchronous Equatorial Orbit,37210,2010-057A,2010-10-30,35787
-15781.723772647603,-31799.17,Geosynchronous Equatorial Orbit,37232,2010-063A,2010-11-21,35500
-15847.835666242569,-32086.69,Geosynchronous Equatorial Orbit,37218,2010-061A,2010-11-14,35787
-15909.287028677,-10623.16,Medium Earth Orbit,41330,2016-008A,2016-02-07,19130
-15935.194727253813,-32042.27,Geosynchronous Equatorial Orbit,37234,2010-064A,2010-11-24,35786
-15953.186570991546,-32034.44,Geosynchronous Equatorial Orbit,37237,2010-065A,2010-11-26,35787
-15953.186570991546,-32034.44,Geosynchronous Equatorial Orbit,37238,2010-065B,2010-11-26,35787
-15956.937227733675,-12800.98,Medium Earth Orbit,40534,2015-013A,2015-03-25,20457
-16020.79294841955,-14489.22,Geostationary Transfer Orbit,40128,2014-050A,2014-08-21,21601
-16128.117039808945,-31924.32,Geosynchronous Equatorial Orbit,37256,2010-068A,2010-12-17,35767
-16214.901478194259,-31900.52,Geosynchronous Equatorial Orbit,37258,2010-069A,2010-12-26,35785
-16219.695512508784,-10131.58,Medium Earth Orbit,41554,2016-032A,2016-05-28,19124
-16240.648379809414,-31886.30,Geosynchronous Equatorial Orbit,37264,2010-070A,2010-12-29,35784
-16242.00993651463,-31888.97,Geosynchronous Equatorial Orbit,37265,2010-070B,2010-12-29,35787
-16319.020449879505,-31568.46,Geosynchronous Equatorial Orbit,37344,2011-001A,2011-01-20,35537
-16335.403349082108,-12307.71,Medium Earth Orbit,40730,2015-033A,2015-07-14,20453
-16488.99985836982,-11553.82,Geostationary Transfer Orbit,41032,2015-066A,2015-11-17,20134
-16697.879556683525,-11816.46,Medium Earth Orbit,41019,2015-062A,2015-10-31,20456
-16778.032672735008,-11216.54,Medium Earth Orbit,41328,2016-007A,2016-02-05,20182
-16867.534290761236,-31562.57,Geosynchronous Equatorial Orbit,37377,2011-011A,2011-03-11,35787
-17216.07724453995,-4195.84,Geostationary Transfer Orbit,44482,2019-051B,2019-08-07,17720
-17218.896516341345,-31367.70,Geosynchronous Equatorial Orbit,37393,2011-016B,2011-04-21,35783
-17234.99613241475,-12911.67,Medium Earth Orbit,40748,2015-037A,2015-07-24,21535
-17235.796457287397,-12912.27,Medium Earth Orbit,40749,2015-037B,2015-07-24,21536
-17249.212322185725,-31422.93,Geosynchronous Equatorial Orbit,37392,2011-016A,2011-04-21,35846
-17349.532690949643,-31300.21,Geosynchronous Equatorial Orbit,37481,2011-019A,2011-05-06,35787
-17415.27874305906,-7916.12,Medium Earth Orbit,42939,2017-055A,2017-09-21,19130
-17460.84584398848,-31238.25,Geosynchronous Equatorial Orbit,37602,2011-021A,2011-05-19,35787
-17460.84584398848,-31238.25,Geosynchronous Equatorial Orbit,37606,2011-022B,2011-05-19,35787
-17461.82166458501,-31240.00,Geosynchronous Equatorial Orbit,37605,2011-022A,2011-05-19,35789
-17585.203719668407,-32307.12,Geosynchronous Equatorial Orbit,37384,2011-013A,2011-04-08,36783
-17724.894041495118,-31088.04,Geosynchronous Equatorial Orbit,37677,2011-026A,2011-06-19,35786
-17937.300147147325,-30965.97,Geosynchronous Equatorial Orbit,37746,2011-034A,2011-07-14,35786
-17937.801385065708,-30966.83,Geosynchronous Equatorial Orbit,37749,2011-035B,2011-07-14,35787
-17954.516209535228,-6625.59,Medium Earth Orbit,43508,2018-053A,2018-06-15,19138
-17969.88061184203,-31022.21,Geosynchronous Equatorial Orbit,37748,2011-035A,2011-07-14,35851
-17998.161380305362,-8905.77,Geostationary Transfer Orbit,42719,2017-027A,2017-05-24,20081
-18034.523845112835,-30918.71,Geosynchronous Equatorial Orbit,37763,2011-038A,2011-07-25,35794
-18101.377899204785,-1445.48,Geosynchronous Equatorial Orbit,47851,2021-019A,2021-03-11,18159
-18104.27769262143,-30824.58,Geosynchronous Equatorial Orbit,37775,2011-041A,2011-08-05,35748
-18123.522477009916,-30857.34,Geosynchronous Equatorial Orbit,37776,2011-041B,2011-08-05,35786
-18143.531599759197,-8235.16,Geostationary Transfer Orbit,42941,2017-056A,2017-09-23,19925
-18169.307597812855,-30838.53,Geosynchronous Equatorial Orbit,37779,2011-042A,2011-08-10,35793
-18201.642170976334,-5929.14,Medium Earth Orbit,43687,2018-086A,2018-11-03,19143
-18235.590663143455,-14612.55,Medium Earth Orbit,40545,2015-017B,2015-03-27,23368
-18373.71542980626,-14723.23,Medium Earth Orbit,40544,2015-017A,2015-03-27,23545
-18477.722025713592,-30647.73,Geosynchronous Equatorial Orbit,37804,2011-047A,2011-09-16,35787
-18491.724344876464,-4900.31,Medium Earth Orbit,44299,2019-030A,2019-05-26,19130
-18510.763085655115,-30626.61,Geosynchronous Equatorial Orbit,37810,2011-049B,2011-09-20,35786
-18511.797611060898,-30628.33,Geosynchronous Equatorial Orbit,37809,2011-049A,2011-09-20,35788
-18536.43451793997,-30612.25,Geosynchronous Equatorial Orbit,37816,2011-051A,2011-09-23,35787
-18577.811190371518,-30585.99,Geosynchronous Equatorial Orbit,37826,2011-054A,2011-09-28,35786
-18628.03877856963,-30555.42,Geosynchronous Equatorial Orbit,37834,2011-056A,2011-10-04,35786
-18645.291147543958,-30546.07,Geosynchronous Equatorial Orbit,37836,2011-057A,2011-10-06,35787
-18678.300837850038,-3874.90,Medium Earth Orbit,44850,2019-088A,2019-12-11,19076
-18745.04069656013,-30483.79,Geosynchronous Equatorial Orbit,37843,2011-059A,2011-10-18,35786
-18772.195824826867,-13681.78,Medium Earth Orbit,40889,2015-045A,2015-09-10,23229
-18773.003961028375,-13682.37,Medium Earth Orbit,40890,2015-045B,2015-09-10,23230
-35971.52716032753,-11597.90,Geosynchronous Equatorial Orbit,43698,2018-089A,2018-11-14,37795
-36103.45855390608,-197.73,Geosynchronous Equatorial Orbit,49817,2021-118A,2021-12-07,36104
-36104.45853890923,-197.73,Geosynchronous Equatorial Orbit,49818,2021-118B,2021-12-07,36105
-41166.07192172228,-160236.54,Geostationary Transfer Orbit,33401,2008-051A,2008-10-18,165440
-83072.49323296758,-143140.53,Geostationary Transfer Orbit,37755,2011-037A,2011-07-17,165500
-125295.44170130903,-48550.54,Geostationary Transfer Orbit,43435,2018-038A,2018-04-17,134373
